rule,intervention,context,desc_x,priority,group,var,op,value,unit,recommendation,rule_type,modifier,status_x,class_x,evidence_x,reference_x,footnote_x,status_y,desc_y,class_y,evidence_y,reference_y,footnote_y
29,REPAIR,dissection,Patients with complicated  acute type B aortic dissection are recommended for immediate thoracic endovascular aortic repair to cover the primary entry tear. ,1,1,aortic_dissection,"""==",acute_type_B,,40,,,,I,C,"Steuer et al. (2011),247
Fattori et al. (2008),248
Fattori et al. (2013)249",Rupture or malperfusion.,,Patients with complicated  acute type B aortic dissection are recommended for immediate thoracic endovascular aortic repair to cover the primary entry tear. ,I,C,"Steuer et al. (2011),247
Fattori et al. (2008),248
Fattori et al. (2013)249",Rupture or malperfusion.
29,REPAIR,dissection,Patients with complicated  acute type B aortic dissection are recommended for immediate thoracic endovascular aortic repair to cover the primary entry tear. ,1,1,complicated_status,"""==",TRUE,,40,,,,I,C,"Steuer et al. (2011),247
Fattori et al. (2008),248
Fattori et al. (2013)249",Rupture or malperfusion.,,Patients with complicated  acute type B aortic dissection are recommended for immediate thoracic endovascular aortic repair to cover the primary entry tear. ,I,C,"Steuer et al. (2011),247
Fattori et al. (2008),248
Fattori et al. (2013)249",Rupture or malperfusion.
30,,dissection,Distal extension with an appropriately sized endograft should be considered to ensure a distal seal in ruptured acute type B aortic dissection. ,1,1,aortic_dissection,"""==",acute_type_B,,41,,,New,IIa,C,Consensus,,New,Distal extension with an appropriately sized endograft should be considered to ensure a distal seal in ruptured acute type B aortic dissection. ,IIa,C,Consensus,
30,,dissection,Distal extension with an appropriately sized endograft should be considered to ensure a distal seal in ruptured acute type B aortic dissection. ,1,1,rupture,"""==",TRUE,,41,,,New,IIa,C,Consensus,,New,Distal extension with an appropriately sized endograft should be considered to ensure a distal seal in ruptured acute type B aortic dissection. ,IIa,C,Consensus,
31,REPAIR,dissection,Patients with residual malperfusion following thoracic endovascular aortic repair for complicated acute type B aortic dissection are recommended to undergo immediate selective endovascular revascularisation of the affected target vessels. ,1,1,aortic_dissection,"""==",acute_type_B,,42,,,New,I,C,Consensus,,New,Patients with residual malperfusion following thoracic endovascular aortic repair for complicated acute type B aortic dissection are recommended to undergo immediate selective endovascular revascularisation of the affected target vessels. ,I,C,Consensus,
31,REPAIR,dissection,Patients with residual malperfusion following thoracic endovascular aortic repair for complicated acute type B aortic dissection are recommended to undergo immediate selective endovascular revascularisation of the affected target vessels. ,1,1,complicated_status,"""==",TRUE,,42,,,New,I,C,Consensus,,New,Patients with residual malperfusion following thoracic endovascular aortic repair for complicated acute type B aortic dissection are recommended to undergo immediate selective endovascular revascularisation of the affected target vessels. ,I,C,Consensus,
31,REPAIR,dissection,Patients with residual malperfusion following thoracic endovascular aortic repair for complicated acute type B aortic dissection are recommended to undergo immediate selective endovascular revascularisation of the affected target vessels. ,1,1,malperfusion,"""==",TRUE,,42,,,New,I,C,Consensus,,New,Patients with residual malperfusion following thoracic endovascular aortic repair for complicated acute type B aortic dissection are recommended to undergo immediate selective endovascular revascularisation of the affected target vessels. ,I,C,Consensus,
34,REPAIR,dissection,Open surgical repair of complicated  acute type B aortic dissection should be considered in selected patients unsuitable for endovascular repair. ,1,1,complicated_status,"""==",TRUE,,45,,,Unchanged,IIa,C,Consensus,Signs of rupture or malperfusion.,Unchanged,Open surgical repair of complicated  acute type B aortic dissection should be considered in selected patients unsuitable for endovascular repair. ,IIa,C,Consensus,Signs of rupture or malperfusion.
34,REPAIR,dissection,Open surgical repair of complicated  acute type B aortic dissection should be considered in selected patients unsuitable for endovascular repair. ,1,1,unsuitable_for_endovascular,"""==",TRUE,,45,,,Unchanged,IIa,C,Consensus,Signs of rupture or malperfusion.,Unchanged,Open surgical repair of complicated  acute type B aortic dissection should be considered in selected patients unsuitable for endovascular repair. ,IIa,C,Consensus,Signs of rupture or malperfusion.
53,,emergency,"A policy of permissive hypotension  during the pre-operative period should be considered in patients with a ruptured thoracic or thoraco-abdominal aortic aneurysm, provided † adequate end organ perfusion is maintained . ",1,1,rupture,"""==",TRUE,-,80,,,New,IIa,C,Consensus,By restricting fluid resuscitation.,New,"A policy of permissive hypotension  during the pre-operative period should be considered in patients with a ruptured thoracic or thoraco-abdominal aortic aneurysm, provided † adequate end organ perfusion is maintained . ",IIa,C,Consensus,By restricting fluid resuscitation.
53,,emergency,"A policy of permissive hypotension  during the pre-operative period should be considered in patients with a ruptured thoracic or thoraco-abdominal aortic aneurysm, provided † adequate end organ perfusion is maintained . ",1,1,pre_op_phase,"""==",TRUE,-,80,,,New,IIa,C,Consensus,By restricting fluid resuscitation.,New,"A policy of permissive hypotension  during the pre-operative period should be considered in patients with a ruptured thoracic or thoraco-abdominal aortic aneurysm, provided † adequate end organ perfusion is maintained . ",IIa,C,Consensus,By restricting fluid resuscitation.
54,REPAIR,emergency,Thoracic endovascular aortic repair is recommended as the preferred treatment modality for ruptured descending thoracic aortic aneurysm. ,1,1,rupture,"""==",TRUE,-,81,,,,I,C,"Geisbüsch et al. (2019),20
Ultee et al. (2017),486
Jonker et al. (2010),497
Yamaguchi et al. (2019),498
Kilic et al. (2014)511",,,Thoracic endovascular aortic repair is recommended as the preferred treatment modality for ruptured descending thoracic aortic aneurysm. ,I,C,"Geisbüsch et al. (2019),20
Ultee et al. (2017),486
Jonker et al. (2010),497
Yamaguchi et al. (2019),498
Kilic et al. (2014)511",
54,REPAIR,emergency,Thoracic endovascular aortic repair is recommended as the preferred treatment modality for ruptured descending thoracic aortic aneurysm. ,1,1,descending_thoracic,"""==",TRUE,-,81,,,,I,C,"Geisbüsch et al. (2019),20
Ultee et al. (2017),486
Jonker et al. (2010),497
Yamaguchi et al. (2019),498
Kilic et al. (2014)511",,,Thoracic endovascular aortic repair is recommended as the preferred treatment modality for ruptured descending thoracic aortic aneurysm. ,I,C,"Geisbüsch et al. (2019),20
Ultee et al. (2017),486
Jonker et al. (2010),497
Yamaguchi et al. (2019),498
Kilic et al. (2014)511",
55,,emergency,Increased endograft oversizing should be considered in emergency endovascular repair of ruptured descending thoracic aortic aneurysm when pre-operative imaging was obtained during hypotension. ,1,1,rupture,"""==",TRUE,-,82,,,New,IIa,C,Consensus,,New,Increased endograft oversizing should be considered in emergency endovascular repair of ruptured descending thoracic aortic aneurysm when pre-operative imaging was obtained during hypotension. ,IIa,C,Consensus,
55,,emergency,Increased endograft oversizing should be considered in emergency endovascular repair of ruptured descending thoracic aortic aneurysm when pre-operative imaging was obtained during hypotension. ,1,1,hypotension_during_imaging,"""==",TRUE,-,82,,,New,IIa,C,Consensus,,New,Increased endograft oversizing should be considered in emergency endovascular repair of ruptured descending thoracic aortic aneurysm when pre-operative imaging was obtained during hypotension. ,IIa,C,Consensus,
56,REPAIR,emergency,"Endovascular repair using off the shelf branched stent grafts, physician modified endografts, or in situ fenestration techniques should be considered the preferred treatment modality for ruptured thoraco-abdominal aortic aneurysms. ",1,1,rupture,"""==",TRUE,-,83,,,New,IIa,C,Consensus,,New,"Endovascular repair using off the shelf branched stent grafts, physician modified endografts, or in situ fenestration techniques should be considered the preferred treatment modality for ruptured thoraco-abdominal aortic aneurysms. ",IIa,C,Consensus,
56,REPAIR,emergency,"Endovascular repair using off the shelf branched stent grafts, physician modified endografts, or in situ fenestration techniques should be considered the preferred treatment modality for ruptured thoraco-abdominal aortic aneurysms. ",1,1,abdominal_thoracic,"""==",TRUE,-,83,,,New,IIa,C,Consensus,,New,"Endovascular repair using off the shelf branched stent grafts, physician modified endografts, or in situ fenestration techniques should be considered the preferred treatment modality for ruptured thoraco-abdominal aortic aneurysms. ",IIa,C,Consensus,
57,REPAIR,emergency,Open surgical repair may be considered in selected patients with a ruptured descending thoracic or thoraco-abdominal aortic aneurysm when endovascular repair is not feasible. ,1,1,rupture,"""==",TRUE,-,85,,,New,IIb,C,Consensus,,New,Open surgical repair may be considered in selected patients with a ruptured descending thoracic or thoraco-abdominal aortic aneurysm when endovascular repair is not feasible. ,IIb,C,Consensus,
57,REPAIR,emergency,Open surgical repair may be considered in selected patients with a ruptured descending thoracic or thoraco-abdominal aortic aneurysm when endovascular repair is not feasible. ,1,1,descending_thoracic,"""==",TRUE,-,85,,,New,IIb,C,Consensus,,New,Open surgical repair may be considered in selected patients with a ruptured descending thoracic or thoraco-abdominal aortic aneurysm when endovascular repair is not feasible. ,IIb,C,Consensus,
57,REPAIR,emergency,Open surgical repair may be considered in selected patients with a ruptured descending thoracic or thoraco-abdominal aortic aneurysm when endovascular repair is not feasible. ,1,1,endovascular_feasible,"""==",FALSE,-,85,,,New,IIb,C,Consensus,,New,Open surgical repair may be considered in selected patients with a ruptured descending thoracic or thoraco-abdominal aortic aneurysm when endovascular repair is not feasible. ,IIb,C,Consensus,
57,REPAIR,emergency,Open surgical repair may be considered in selected patients with a ruptured descending thoracic or thoraco-abdominal aortic aneurysm when endovascular repair is not feasible. ,1,2,rupture,"""==",TRUE,-,85,,,New,IIb,C,Consensus,,New,Open surgical repair may be considered in selected patients with a ruptured descending thoracic or thoraco-abdominal aortic aneurysm when endovascular repair is not feasible. ,IIb,C,Consensus,
57,REPAIR,emergency,Open surgical repair may be considered in selected patients with a ruptured descending thoracic or thoraco-abdominal aortic aneurysm when endovascular repair is not feasible. ,1,2,abdominal_thoracic,"""==",TRUE,-,85,,,New,IIb,C,Consensus,,New,Open surgical repair may be considered in selected patients with a ruptured descending thoracic or thoraco-abdominal aortic aneurysm when endovascular repair is not feasible. ,IIb,C,Consensus,
57,REPAIR,emergency,Open surgical repair may be considered in selected patients with a ruptured descending thoracic or thoraco-abdominal aortic aneurysm when endovascular repair is not feasible. ,1,2,endovascular_feasible,"""==",FALSE,-,85,,,New,IIb,C,Consensus,,New,Open surgical repair may be considered in selected patients with a ruptured descending thoracic or thoraco-abdominal aortic aneurysm when endovascular repair is not feasible. ,IIb,C,Consensus,
63,REPAIR,trauma,Urgent thoracic endovascular aortic repair (< 24 hours) is recommended for ESVS grade 2 blunt traumatic aortic injury presenting with high risk features . ,1,1,btai_grade,"""==",2,-,91,,,,I,C,"Jacob-Brassard et al. (2019),538
Soong et al. (2019),541
Fox et al. (2015),548
Romijn et al. (2023),551
Starnes et al. (2012),556
Yadavalli et al. (2024)558","Left haemothorax, large mediastinal haematomas, aorti",,Urgent thoracic endovascular aortic repair (< 24 hours) is recommended for ESVS grade 2 blunt traumatic aortic injury presenting with high risk features . ,I,C,"Jacob-Brassard et al. (2019),538
Soong et al. (2019),541
Fox et al. (2015),548
Romijn et al. (2023),551
Starnes et al. (2012),556
Yadavalli et al. (2024)558","Left haemothorax, large mediastinal haematomas, aorti"
63,REPAIR,trauma,Urgent thoracic endovascular aortic repair (< 24 hours) is recommended for ESVS grade 2 blunt traumatic aortic injury presenting with high risk features . ,1,1,high_risk_features,"""==",TRUE,-,91,,,,I,C,"Jacob-Brassard et al. (2019),538
Soong et al. (2019),541
Fox et al. (2015),548
Romijn et al. (2023),551
Starnes et al. (2012),556
Yadavalli et al. (2024)558","Left haemothorax, large mediastinal haematomas, aorti",,Urgent thoracic endovascular aortic repair (< 24 hours) is recommended for ESVS grade 2 blunt traumatic aortic injury presenting with high risk features . ,I,C,"Jacob-Brassard et al. (2019),538
Soong et al. (2019),541
Fox et al. (2015),548
Romijn et al. (2023),551
Starnes et al. (2012),556
Yadavalli et al. (2024)558","Left haemothorax, large mediastinal haematomas, aorti"
64,REPAIR,trauma,Immediate thoracic endovascular aortic repair is recommended for ESVS grade 3 blunt thoracic aortic injury. ,1,1,btai_grade,"""==",3,-,92,,,,I,C,"Jacob-Brassard et al. (2019),538
Soong et al. (2019),541
Fox et al. (2015)548",,,Immediate thoracic endovascular aortic repair is recommended for ESVS grade 3 blunt thoracic aortic injury. ,I,C,"Jacob-Brassard et al. (2019),538
Soong et al. (2019),541
Fox et al. (2015)548",
68,REPAIR,follow_up,Direct (type I and III) endoleak after thoracic or thoraco- abdominal endovascular repair should be considered for re-intervention. ,1,1,post_op_phase,"""==",TRUE,-,99,,,Changed,IIa,C,Consensus,,Changed,Direct (type I and III) endoleak after thoracic or thoraco- abdominal endovascular repair should be considered for re-intervention. ,IIa,C,Consensus,
68,REPAIR,follow_up,Direct (type I and III) endoleak after thoracic or thoraco- abdominal endovascular repair should be considered for re-intervention. ,1,1,endoleak_type,"""==","""I""",-,99,,,Changed,IIa,C,Consensus,,Changed,Direct (type I and III) endoleak after thoracic or thoraco- abdominal endovascular repair should be considered for re-intervention. ,IIa,C,Consensus,
68,REPAIR,follow_up,Direct (type I and III) endoleak after thoracic or thoraco- abdominal endovascular repair should be considered for re-intervention. ,1,2,post_op_phase,"""==",TRUE,-,99,,,Changed,IIa,C,Consensus,,Changed,Direct (type I and III) endoleak after thoracic or thoraco- abdominal endovascular repair should be considered for re-intervention. ,IIa,C,Consensus,
68,REPAIR,follow_up,Direct (type I and III) endoleak after thoracic or thoraco- abdominal endovascular repair should be considered for re-intervention. ,1,2,endoleak_type,"""==","""III""",-,99,,,Changed,IIa,C,Consensus,,Changed,Direct (type I and III) endoleak after thoracic or thoraco- abdominal endovascular repair should be considered for re-intervention. ,IIa,C,Consensus,
73,REPAIR,genetic,"Endovascular aortic repair should be considered in patients with genetic aortopathies when open surgery is contraindicated, in high risk surgical candidates, in acute settings, or for redo procedures, preferably with landing zones in pre-existing surgical grafts. ",1,1,genetic_aortopathy,"""==",TRUE,-,110,,,Changed,IIa,C,Consensus,,Changed,"Endovascular aortic repair should be considered in patients with genetic aortopathies when open surgery is contraindicated, in high risk surgical candidates, in acute settings, or for redo procedures, preferably with landing zones in pre-existing surgical grafts. ",IIa,C,Consensus,
73,REPAIR,genetic,"Endovascular aortic repair should be considered in patients with genetic aortopathies when open surgery is contraindicated, in high risk surgical candidates, in acute settings, or for redo procedures, preferably with landing zones in pre-existing surgical grafts. ",1,1,open_surgery_contraindicated,"""==",TRUE,-,110,,,Changed,IIa,C,Consensus,,Changed,"Endovascular aortic repair should be considered in patients with genetic aortopathies when open surgery is contraindicated, in high risk surgical candidates, in acute settings, or for redo procedures, preferably with landing zones in pre-existing surgical grafts. ",IIa,C,Consensus,
73,REPAIR,genetic,"Endovascular aortic repair should be considered in patients with genetic aortopathies when open surgery is contraindicated, in high risk surgical candidates, in acute settings, or for redo procedures, preferably with landing zones in pre-existing surgical grafts. ",1,2,genetic_aortopathy,"""==",TRUE,-,110,,,Changed,IIa,C,Consensus,,Changed,"Endovascular aortic repair should be considered in patients with genetic aortopathies when open surgery is contraindicated, in high risk surgical candidates, in acute settings, or for redo procedures, preferably with landing zones in pre-existing surgical grafts. ",IIa,C,Consensus,
73,REPAIR,genetic,"Endovascular aortic repair should be considered in patients with genetic aortopathies when open surgery is contraindicated, in high risk surgical candidates, in acute settings, or for redo procedures, preferably with landing zones in pre-existing surgical grafts. ",1,2,surgical_risk,"""==",high,-,110,,,Changed,IIa,C,Consensus,,Changed,"Endovascular aortic repair should be considered in patients with genetic aortopathies when open surgery is contraindicated, in high risk surgical candidates, in acute settings, or for redo procedures, preferably with landing zones in pre-existing surgical grafts. ",IIa,C,Consensus,
73,REPAIR,genetic,"Endovascular aortic repair should be considered in patients with genetic aortopathies when open surgery is contraindicated, in high risk surgical candidates, in acute settings, or for redo procedures, preferably with landing zones in pre-existing surgical grafts. ",1,3,genetic_aortopathy,"""==",TRUE,-,110,,,Changed,IIa,C,Consensus,,Changed,"Endovascular aortic repair should be considered in patients with genetic aortopathies when open surgery is contraindicated, in high risk surgical candidates, in acute settings, or for redo procedures, preferably with landing zones in pre-existing surgical grafts. ",IIa,C,Consensus,
73,REPAIR,genetic,"Endovascular aortic repair should be considered in patients with genetic aortopathies when open surgery is contraindicated, in high risk surgical candidates, in acute settings, or for redo procedures, preferably with landing zones in pre-existing surgical grafts. ",1,3,repair_timing,"""==",urgent,-,110,,,Changed,IIa,C,Consensus,,Changed,"Endovascular aortic repair should be considered in patients with genetic aortopathies when open surgery is contraindicated, in high risk surgical candidates, in acute settings, or for redo procedures, preferably with landing zones in pre-existing surgical grafts. ",IIa,C,Consensus,
78,REPAIR,infection,Urgent surgical repair of mycotic thoracic and thoraco- abdominal aortic aneurysms should be considered irrespective of aneurysm size. ,1,1,mycotic_aneurysm,"""==",TRUE,-,120,,,New,IIa,C,Consensus,,New,Urgent surgical repair of mycotic thoracic and thoraco- abdominal aortic aneurysms should be considered irrespective of aneurysm size. ,IIa,C,Consensus,
78,REPAIR,infection,Urgent surgical repair of mycotic thoracic and thoraco- abdominal aortic aneurysms should be considered irrespective of aneurysm size. ,1,1,repair_timing,"""==",urgent,-,120,,,New,IIa,C,Consensus,,New,Urgent surgical repair of mycotic thoracic and thoraco- abdominal aortic aneurysms should be considered irrespective of aneurysm size. ,IIa,C,Consensus,
1,REPAIR,dissection,"Patients with chronic type B aortic dissection and an aortic diameter ≥ 6.0 cm should be considered for repair, taking into account fitness, aneurysm anatomy, and patient preferences. ",2,1,aortic_diameter,>=,6,cm,52,patient,0.0,Unchanged,IIa,C,Consensus,,Unchanged,"Patients with chronic type B aortic dissection and an aortic diameter ≥ 6.0 cm should be considered for repair, taking into account fitness, aneurysm anatomy, and patient preferences. ",IIa,C,Consensus,
1,REPAIR,dissection,"Patients with chronic type B aortic dissection and an aortic diameter ≥ 6.0 cm should be considered for repair, taking into account fitness, aneurysm anatomy, and patient preferences. ",2,1,chronic_type,"""==",B,,52,patient,0.0,Unchanged,IIa,C,Consensus,,Unchanged,"Patients with chronic type B aortic dissection and an aortic diameter ≥ 6.0 cm should be considered for repair, taking into account fitness, aneurysm anatomy, and patient preferences. ",IIa,C,Consensus,
2,REPAIR,aneurysm,A lower aortic diameter threshold (≥ 5.5 cm) for repair may be considered in selected  patients with chronic type B aortic dissection. ,2,1,aortic_diameter,>=,5.5,cm,53,patient,1.0,Unchanged,IIb,C,Consensus,Based on aortic size index or significant growth.,Unchanged,A lower aortic diameter threshold (≥ 5.5 cm) for repair may be considered in selected  patients with chronic type B aortic dissection. ,IIb,C,Consensus,Based on aortic size index or significant growth.
3,REPAIR,aneurysm,"Patients with descending thoracic or thoraco-abdominal aortic aneurysms and an aortic diameter ≥ 6.0 cm should be considered for repair, taking into account fitness, aneurysm anatomy, and patient preferences. ",2,1,descending_thoracic,"""==",TRUE,,61,patient,0.0,,IIa,C,"Zafar et al. (2021),345
Sharples et al. (2022),346
Davies et al. (2002),394
Kim et al. (2015)403",,,"Patients with descending thoracic or thoraco-abdominal aortic aneurysms and an aortic diameter ≥ 6.0 cm should be considered for repair, taking into account fitness, aneurysm anatomy, and patient preferences. ",IIa,C,"Zafar et al. (2021),345
Sharples et al. (2022),346
Davies et al. (2002),394
Kim et al. (2015)403",
3,REPAIR,aneurysm,"Patients with descending thoracic or thoraco-abdominal aortic aneurysms and an aortic diameter ≥ 6.0 cm should be considered for repair, taking into account fitness, aneurysm anatomy, and patient preferences. ",2,1,aortic_diameter,>=,6,cm,61,patient,0.0,,IIa,C,"Zafar et al. (2021),345
Sharples et al. (2022),346
Davies et al. (2002),394
Kim et al. (2015)403",,,"Patients with descending thoracic or thoraco-abdominal aortic aneurysms and an aortic diameter ≥ 6.0 cm should be considered for repair, taking into account fitness, aneurysm anatomy, and patient preferences. ",IIa,C,"Zafar et al. (2021),345
Sharples et al. (2022),346
Davies et al. (2002),394
Kim et al. (2015)403",
3,REPAIR,aneurysm,"Patients with descending thoracic or thoraco-abdominal aortic aneurysms and an aortic diameter ≥ 6.0 cm should be considered for repair, taking into account fitness, aneurysm anatomy, and patient preferences. ",2,2,abdominal_thoracic,"""==",TRUE,,61,patient,0.0,,IIa,C,"Zafar et al. (2021),345
Sharples et al. (2022),346
Davies et al. (2002),394
Kim et al. (2015)403",,,"Patients with descending thoracic or thoraco-abdominal aortic aneurysms and an aortic diameter ≥ 6.0 cm should be considered for repair, taking into account fitness, aneurysm anatomy, and patient preferences. ",IIa,C,"Zafar et al. (2021),345
Sharples et al. (2022),346
Davies et al. (2002),394
Kim et al. (2015)403",
3,REPAIR,aneurysm,"Patients with descending thoracic or thoraco-abdominal aortic aneurysms and an aortic diameter ≥ 6.0 cm should be considered for repair, taking into account fitness, aneurysm anatomy, and patient preferences. ",2,2,aortic_diameter,>=,6,cm,61,patient,0.0,,IIa,C,"Zafar et al. (2021),345
Sharples et al. (2022),346
Davies et al. (2002),394
Kim et al. (2015)403",,,"Patients with descending thoracic or thoraco-abdominal aortic aneurysms and an aortic diameter ≥ 6.0 cm should be considered for repair, taking into account fitness, aneurysm anatomy, and patient preferences. ",IIa,C,"Zafar et al. (2021),345
Sharples et al. (2022),346
Davies et al. (2002),394
Kim et al. (2015)403",
4,REPAIR,aneurysm,A lower aortic diameter threshold (≥ 5.5 cm) for repair may be considered in selected  patients with descending thoracic or thoraco-abdominal aortic aneurysms. ,2,1,aortic_diameter,>=,5.5,cm,62,patient,1.0,,IIb,C,"Chen et al. (2021),311
Zafar et al. (2021),345
Pouncey et al. (2024)400",Based on aortic size index or significant growth.,,A lower aortic diameter threshold (≥ 5.5 cm) for repair may be considered in selected  patients with descending thoracic or thoraco-abdominal aortic aneurysms. ,IIb,C,"Chen et al. (2021),311
Zafar et al. (2021),345
Pouncey et al. (2024)400",Based on aortic size index or significant growth.
4,REPAIR,aneurysm,A lower aortic diameter threshold (≥ 5.5 cm) for repair may be considered in selected  patients with descending thoracic or thoraco-abdominal aortic aneurysms. ,2,1,descending_thoracic,"""==",TRUE,,62,patient,1.0,,IIb,C,"Chen et al. (2021),311
Zafar et al. (2021),345
Pouncey et al. (2024)400",Based on aortic size index or significant growth.,,A lower aortic diameter threshold (≥ 5.5 cm) for repair may be considered in selected  patients with descending thoracic or thoraco-abdominal aortic aneurysms. ,IIb,C,"Chen et al. (2021),311
Zafar et al. (2021),345
Pouncey et al. (2024)400",Based on aortic size index or significant growth.
4,REPAIR,aneurysm,A lower aortic diameter threshold (≥ 5.5 cm) for repair may be considered in selected  patients with descending thoracic or thoraco-abdominal aortic aneurysms. ,2,2,aortic_diameter,>=,5.5,cm,62,patient,1.0,,IIb,C,"Chen et al. (2021),311
Zafar et al. (2021),345
Pouncey et al. (2024)400",Based on aortic size index or significant growth.,,A lower aortic diameter threshold (≥ 5.5 cm) for repair may be considered in selected  patients with descending thoracic or thoraco-abdominal aortic aneurysms. ,IIb,C,"Chen et al. (2021),311
Zafar et al. (2021),345
Pouncey et al. (2024)400",Based on aortic size index or significant growth.
4,REPAIR,aneurysm,A lower aortic diameter threshold (≥ 5.5 cm) for repair may be considered in selected  patients with descending thoracic or thoraco-abdominal aortic aneurysms. ,2,2,abdominal_thoracic,"""==",TRUE,,62,patient,1.0,,IIb,C,"Chen et al. (2021),311
Zafar et al. (2021),345
Pouncey et al. (2024)400",Based on aortic size index or significant growth.,,A lower aortic diameter threshold (≥ 5.5 cm) for repair may be considered in selected  patients with descending thoracic or thoraco-abdominal aortic aneurysms. ,IIb,C,"Chen et al. (2021),311
Zafar et al. (2021),345
Pouncey et al. (2024)400",Based on aortic size index or significant growth.
5,REPAIR,genetic,Marfan syndrome patients with an aortic diameter ≥ 5.0 cm should be considered for descending thoracic aortic aneurysm repair. ,2,1,marfan,"""==",TRUE,,106,patient,,Changed,IIa,C,Consensus,,Changed,Marfan syndrome patients with an aortic diameter ≥ 5.0 cm should be considered for descending thoracic aortic aneurysm repair. ,IIa,C,Consensus,
5,REPAIR,genetic,Marfan syndrome patients with an aortic diameter ≥ 5.0 cm should be considered for descending thoracic aortic aneurysm repair. ,2,1,aortic_diameter,>=,5,cm,106,patient,,Changed,IIa,C,Consensus,,Changed,Marfan syndrome patients with an aortic diameter ≥ 5.0 cm should be considered for descending thoracic aortic aneurysm repair. ,IIa,C,Consensus,
6,REPAIR,genetic,"Patients with Loeys—Dietz syndrome and an aortic diameter > 4.5 — 5.0 cm should be considered for descending thoracic aortic aneurysm repair, taking into consideration diameter progression rate, age, family history, and pathogenic variants. ",2,1,loeys_dietz,"""==",TRUE,,107,patient,,Changed,IIa,C,Consensus,,Changed,"Patients with Loeys—Dietz syndrome and an aortic diameter > 4.5 — 5.0 cm should be considered for descending thoracic aortic aneurysm repair, taking into consideration diameter progression rate, age, family history, and pathogenic variants. ",IIa,C,Consensus,
6,REPAIR,genetic,"Patients with Loeys—Dietz syndrome and an aortic diameter > 4.5 — 5.0 cm should be considered for descending thoracic aortic aneurysm repair, taking into consideration diameter progression rate, age, family history, and pathogenic variants. ",2,1,aortic_diameter,>=,4.5,cm,107,patient,,Changed,IIa,C,Consensus,,Changed,"Patients with Loeys—Dietz syndrome and an aortic diameter > 4.5 — 5.0 cm should be considered for descending thoracic aortic aneurysm repair, taking into consideration diameter progression rate, age, family history, and pathogenic variants. ",IIa,C,Consensus,
7,REPAIR,general,Surgical or endovascular treatment of aortic coarctation is recommended in adults with upper limb hypertension or left ventricular hypertrophy when a systolic pressure gradient  ≥ 20 mmHg is present. ,2,1,systolic_pressure_gradient,>=,20,mmHg,123,patient,,Changed,I,C,Consensus,"Cuff blood pressure difference between upper and lower limbs, o",Changed,Surgical or endovascular treatment of aortic coarctation is recommended in adults with upper limb hypertension or left ventricular hypertrophy when a systolic pressure gradient  ≥ 20 mmHg is present. ,I,C,Consensus,"Cuff blood pressure difference between upper and lower limbs, o"
7,REPAIR,general,Surgical or endovascular treatment of aortic coarctation is recommended in adults with upper limb hypertension or left ventricular hypertrophy when a systolic pressure gradient  ≥ 20 mmHg is present. ,2,1,upper_limb_hypertension,"""==",TRUE,,123,patient,,Changed,I,C,Consensus,"Cuff blood pressure difference between upper and lower limbs, o",Changed,Surgical or endovascular treatment of aortic coarctation is recommended in adults with upper limb hypertension or left ventricular hypertrophy when a systolic pressure gradient  ≥ 20 mmHg is present. ,I,C,Consensus,"Cuff blood pressure difference between upper and lower limbs, o"
7,REPAIR,general,Surgical or endovascular treatment of aortic coarctation is recommended in adults with upper limb hypertension or left ventricular hypertrophy when a systolic pressure gradient  ≥ 20 mmHg is present. ,2,2,left_ventricular_hypertrophy,"""==",TRUE,,123,patient,,Changed,I,C,Consensus,"Cuff blood pressure difference between upper and lower limbs, o",Changed,Surgical or endovascular treatment of aortic coarctation is recommended in adults with upper limb hypertension or left ventricular hypertrophy when a systolic pressure gradient  ≥ 20 mmHg is present. ,I,C,Consensus,"Cuff blood pressure difference between upper and lower limbs, o"
7,REPAIR,general,Surgical or endovascular treatment of aortic coarctation is recommended in adults with upper limb hypertension or left ventricular hypertrophy when a systolic pressure gradient  ≥ 20 mmHg is present. ,2,2,systolic_pressure_gradient,>=,20,mmHg,123,patient,,Changed,I,C,Consensus,"Cuff blood pressure difference between upper and lower limbs, o",Changed,Surgical or endovascular treatment of aortic coarctation is recommended in adults with upper limb hypertension or left ventricular hypertrophy when a systolic pressure gradient  ≥ 20 mmHg is present. ,I,C,Consensus,"Cuff blood pressure difference between upper and lower limbs, o"
8,REPAIR,general,Surgical treatment for asymptomatic aberrant subclavian artery and or Kommerell’s diverticulum may be considered when the transverse vessel diameter  is ≥ 3.0 cm or when the combined distance between the edges of the diverticulum and the adjacent aorta  is ≥ 5.5 cm. ,2,1,vessel_diameter,>=,3,cm,128,patient,,New,IIb,C,Consensus,See Figure 17.,New,Surgical treatment for asymptomatic aberrant subclavian artery and or Kommerell’s diverticulum may be considered when the transverse vessel diameter  is ≥ 3.0 cm or when the combined distance between the edges of the diverticulum and the adjacent aorta  is ≥ 5.5 cm. ,IIb,C,Consensus,See Figure 17.
8,REPAIR,general,Surgical treatment for asymptomatic aberrant subclavian artery and or Kommerell’s diverticulum may be considered when the transverse vessel diameter  is ≥ 3.0 cm or when the combined distance between the edges of the diverticulum and the adjacent aorta  is ≥ 5.5 cm. ,2,2,d_diverticulum_adjacent_aorta,>=,5.5,cm,128,patient,,New,IIb,C,Consensus,See Figure 17.,New,Surgical treatment for asymptomatic aberrant subclavian artery and or Kommerell’s diverticulum may be considered when the transverse vessel diameter  is ≥ 3.0 cm or when the combined distance between the edges of the diverticulum and the adjacent aorta  is ≥ 5.5 cm. ,IIb,C,Consensus,See Figure 17.
9,,aneurysm,"Pre-operative assessment of cardiac, pulmonary, and renal function is recommended before elective open or complex endovascular repair involving the descending thoracic aorta to allow for informed decision making and pre-operative optimisation. ",2,1,repair_timing,"""==",elective,,13,,,,I,C,"Coselli et al. (2016),59
Coselli et al. (2018),70
Brown et al. (2020),72
Girardi et al. (2017),73
Orozco-Sevilla et al. (2024),74
Girardi et al. (2014)78",,,"Pre-operative assessment of cardiac, pulmonary, and renal function is recommended before elective open or complex endovascular repair involving the descending thoracic aorta to allow for informed decision making and pre-operative optimisation. ",I,C,"Coselli et al. (2016),59
Coselli et al. (2018),70
Brown et al. (2020),72
Girardi et al. (2017),73
Orozco-Sevilla et al. (2024),74
Girardi et al. (2014)78",
9,,aneurysm,"Pre-operative assessment of cardiac, pulmonary, and renal function is recommended before elective open or complex endovascular repair involving the descending thoracic aorta to allow for informed decision making and pre-operative optimisation. ",2,1,repair_type,"""==",open,,13,,,,I,C,"Coselli et al. (2016),59
Coselli et al. (2018),70
Brown et al. (2020),72
Girardi et al. (2017),73
Orozco-Sevilla et al. (2024),74
Girardi et al. (2014)78",,,"Pre-operative assessment of cardiac, pulmonary, and renal function is recommended before elective open or complex endovascular repair involving the descending thoracic aorta to allow for informed decision making and pre-operative optimisation. ",I,C,"Coselli et al. (2016),59
Coselli et al. (2018),70
Brown et al. (2020),72
Girardi et al. (2017),73
Orozco-Sevilla et al. (2024),74
Girardi et al. (2014)78",
9,,aneurysm,"Pre-operative assessment of cardiac, pulmonary, and renal function is recommended before elective open or complex endovascular repair involving the descending thoracic aorta to allow for informed decision making and pre-operative optimisation. ",2,1,descending_thoracic,"""==",TRUE,,13,,,,I,C,"Coselli et al. (2016),59
Coselli et al. (2018),70
Brown et al. (2020),72
Girardi et al. (2017),73
Orozco-Sevilla et al. (2024),74
Girardi et al. (2014)78",,,"Pre-operative assessment of cardiac, pulmonary, and renal function is recommended before elective open or complex endovascular repair involving the descending thoracic aorta to allow for informed decision making and pre-operative optimisation. ",I,C,"Coselli et al. (2016),59
Coselli et al. (2018),70
Brown et al. (2020),72
Girardi et al. (2017),73
Orozco-Sevilla et al. (2024),74
Girardi et al. (2014)78",
9,,aneurysm,"Pre-operative assessment of cardiac, pulmonary, and renal function is recommended before elective open or complex endovascular repair involving the descending thoracic aorta to allow for informed decision making and pre-operative optimisation. ",2,2,repair_timing,"""==",elective,,13,,,,I,C,"Coselli et al. (2016),59
Coselli et al. (2018),70
Brown et al. (2020),72
Girardi et al. (2017),73
Orozco-Sevilla et al. (2024),74
Girardi et al. (2014)78",,,"Pre-operative assessment of cardiac, pulmonary, and renal function is recommended before elective open or complex endovascular repair involving the descending thoracic aorta to allow for informed decision making and pre-operative optimisation. ",I,C,"Coselli et al. (2016),59
Coselli et al. (2018),70
Brown et al. (2020),72
Girardi et al. (2017),73
Orozco-Sevilla et al. (2024),74
Girardi et al. (2014)78",
9,,aneurysm,"Pre-operative assessment of cardiac, pulmonary, and renal function is recommended before elective open or complex endovascular repair involving the descending thoracic aorta to allow for informed decision making and pre-operative optimisation. ",2,2,repair_type,"""==",complex_endovascular,,13,,,,I,C,"Coselli et al. (2016),59
Coselli et al. (2018),70
Brown et al. (2020),72
Girardi et al. (2017),73
Orozco-Sevilla et al. (2024),74
Girardi et al. (2014)78",,,"Pre-operative assessment of cardiac, pulmonary, and renal function is recommended before elective open or complex endovascular repair involving the descending thoracic aorta to allow for informed decision making and pre-operative optimisation. ",I,C,"Coselli et al. (2016),59
Coselli et al. (2018),70
Brown et al. (2020),72
Girardi et al. (2017),73
Orozco-Sevilla et al. (2024),74
Girardi et al. (2014)78",
9,,aneurysm,"Pre-operative assessment of cardiac, pulmonary, and renal function is recommended before elective open or complex endovascular repair involving the descending thoracic aorta to allow for informed decision making and pre-operative optimisation. ",2,2,descending_thoracic,"""==",TRUE,,13,,,,I,C,"Coselli et al. (2016),59
Coselli et al. (2018),70
Brown et al. (2020),72
Girardi et al. (2017),73
Orozco-Sevilla et al. (2024),74
Girardi et al. (2014)78",,,"Pre-operative assessment of cardiac, pulmonary, and renal function is recommended before elective open or complex endovascular repair involving the descending thoracic aorta to allow for informed decision making and pre-operative optimisation. ",I,C,"Coselli et al. (2016),59
Coselli et al. (2018),70
Brown et al. (2020),72
Girardi et al. (2017),73
Orozco-Sevilla et al. (2024),74
Girardi et al. (2014)78",
10,,aneurysm,"Pre-operative revascularisation of symptomatic or significant asymptomatic coronary artery disease may be considered in selected cases, particularly before extensive thoracic and thoraco-abdominal aortic repair. ",2,1,cad_status,"""==",symptomatic,,14,READ DOCUMENT,,Changed,IIb,C,Consensus,,Changed,"Pre-operative revascularisation of symptomatic or significant asymptomatic coronary artery disease may be considered in selected cases, particularly before extensive thoracic and thoraco-abdominal aortic repair. ",IIb,C,Consensus,
10,,aneurysm,"Pre-operative revascularisation of symptomatic or significant asymptomatic coronary artery disease may be considered in selected cases, particularly before extensive thoracic and thoraco-abdominal aortic repair. ",2,1,descending_thoracic,"""==",TRUE,,14,,,Changed,IIb,C,Consensus,,Changed,"Pre-operative revascularisation of symptomatic or significant asymptomatic coronary artery disease may be considered in selected cases, particularly before extensive thoracic and thoraco-abdominal aortic repair. ",IIb,C,Consensus,
10,,aneurysm,"Pre-operative revascularisation of symptomatic or significant asymptomatic coronary artery disease may be considered in selected cases, particularly before extensive thoracic and thoraco-abdominal aortic repair. ",2,2,cad_status,"""==",symptomatic,,14,,,Changed,IIb,C,Consensus,,Changed,"Pre-operative revascularisation of symptomatic or significant asymptomatic coronary artery disease may be considered in selected cases, particularly before extensive thoracic and thoraco-abdominal aortic repair. ",IIb,C,Consensus,
10,,aneurysm,"Pre-operative revascularisation of symptomatic or significant asymptomatic coronary artery disease may be considered in selected cases, particularly before extensive thoracic and thoraco-abdominal aortic repair. ",2,2,abdominal_thoracic,"""==",TRUE,,14,,,Changed,IIb,C,Consensus,,Changed,"Pre-operative revascularisation of symptomatic or significant asymptomatic coronary artery disease may be considered in selected cases, particularly before extensive thoracic and thoraco-abdominal aortic repair. ",IIb,C,Consensus,
10,,aneurysm,"Pre-operative revascularisation of symptomatic or significant asymptomatic coronary artery disease may be considered in selected cases, particularly before extensive thoracic and thoraco-abdominal aortic repair. ",2,3,cad_status,"""==",significant_asymptomatic,,14,,,Changed,IIb,C,Consensus,,Changed,"Pre-operative revascularisation of symptomatic or significant asymptomatic coronary artery disease may be considered in selected cases, particularly before extensive thoracic and thoraco-abdominal aortic repair. ",IIb,C,Consensus,
10,,aneurysm,"Pre-operative revascularisation of symptomatic or significant asymptomatic coronary artery disease may be considered in selected cases, particularly before extensive thoracic and thoraco-abdominal aortic repair. ",2,3,descending_thoracic,"""==",TRUE,,14,,,Changed,IIb,C,Consensus,,Changed,"Pre-operative revascularisation of symptomatic or significant asymptomatic coronary artery disease may be considered in selected cases, particularly before extensive thoracic and thoraco-abdominal aortic repair. ",IIb,C,Consensus,
10,,aneurysm,"Pre-operative revascularisation of symptomatic or significant asymptomatic coronary artery disease may be considered in selected cases, particularly before extensive thoracic and thoraco-abdominal aortic repair. ",2,4,cad_status,"""==",significant_asymptomatic,,14,,,Changed,IIb,C,Consensus,,Changed,"Pre-operative revascularisation of symptomatic or significant asymptomatic coronary artery disease may be considered in selected cases, particularly before extensive thoracic and thoraco-abdominal aortic repair. ",IIb,C,Consensus,
10,,aneurysm,"Pre-operative revascularisation of symptomatic or significant asymptomatic coronary artery disease may be considered in selected cases, particularly before extensive thoracic and thoraco-abdominal aortic repair. ",2,4,abdominal_thoracic,"""==",TRUE,,14,,,Changed,IIb,C,Consensus,,Changed,"Pre-operative revascularisation of symptomatic or significant asymptomatic coronary artery disease may be considered in selected cases, particularly before extensive thoracic and thoraco-abdominal aortic repair. ",IIb,C,Consensus,
11,,aneurysm,Multidisciplinary assessment of patient frailty should be considered for candidates for elective descending thoracic aortic repair. ,2,1,repair_timing,"""==",elective,,15,,,,IIa,C,"Flanagan et al. (2021),60
Paajanen et al. (2022),89
Kärkkäinen et al. (2021)97",,,Multidisciplinary assessment of patient frailty should be considered for candidates for elective descending thoracic aortic repair. ,IIa,C,"Flanagan et al. (2021),60
Paajanen et al. (2022),89
Kärkkäinen et al. (2021)97",
11,,aneurysm,Multidisciplinary assessment of patient frailty should be considered for candidates for elective descending thoracic aortic repair. ,2,1,descending_thoracic,"""==",TRUE,,15,,,,IIa,C,"Flanagan et al. (2021),60
Paajanen et al. (2022),89
Kärkkäinen et al. (2021)97",,,Multidisciplinary assessment of patient frailty should be considered for candidates for elective descending thoracic aortic repair. ,IIa,C,"Flanagan et al. (2021),60
Paajanen et al. (2022),89
Kärkkäinen et al. (2021)97",
12,,aneurysm,"Assessment and optimisation of cardiovascular risk factors, best medical therapy, and a healthy lifestyle including smoking cessation are recommended for patients with descending thoracic aortic disease. ",2,1,descending_thoracic,"""==",TRUE,,16,,,New,I,C,Consensus,,New,"Assessment and optimisation of cardiovascular risk factors, best medical therapy, and a healthy lifestyle including smoking cessation are recommended for patients with descending thoracic aortic disease. ",I,C,Consensus,
13,,aneurysm,Extensive thrombosis “shaggy aorta” may be considered for intensified medical therapy with statins to stabilise the thrombotic lesions before aortic repair. ,2,1,shaggy_aorta,"""==",TRUE,,17,,,New,IIb,C,Consensus,,New,Extensive thrombosis “shaggy aorta” may be considered for intensified medical therapy with statins to stabilise the thrombotic lesions before aortic repair. ,IIb,C,Consensus,
14,,general,"Patients with thoracic aortic disease are recommended to be fully informed about all treatment options (medical management, endovascular repair, or open surgery), as well as their short and long term risks, including their potential impact on function, independence, and quality of life, to support shared decision making. ",2,1,thoracic_aortic_disease,"""==",TRUE,,18,,,New,I,C,Consensus,,New,"Patients with thoracic aortic disease are recommended to be fully informed about all treatment options (medical management, endovascular repair, or open surgery), as well as their short and long term risks, including their potential impact on function, independence, and quality of life, to support shared decision making. ",I,C,Consensus,
15,,general,"Endovascular or open surgical repair, whether elective or for ruptured thoracic or thoraco-abdominal aortic aneurysm, is not recommended in patients deemed unfit for repair or unlikely to benefit due to severe comorbidities, frailty, limited life expectancy , or those who decline intervention after shared decision making. ",2,1,unfit_for_repair,"""==",TRUE,,19,,,New,IIIb,C,Consensus,A life expectancy of two to three years may be regarded,New,"Endovascular or open surgical repair, whether elective or for ruptured thoracic or thoraco-abdominal aortic aneurysm, is not recommended in patients deemed unfit for repair or unlikely to benefit due to severe comorbidities, frailty, limited life expectancy , or those who decline intervention after shared decision making. ",IIIb,C,Consensus,A life expectancy of two to three years may be regarded
15,,general,"Endovascular or open surgical repair, whether elective or for ruptured thoracic or thoraco-abdominal aortic aneurysm, is not recommended in patients deemed unfit for repair or unlikely to benefit due to severe comorbidities, frailty, limited life expectancy , or those who decline intervention after shared decision making. ",2,2,severe_comorbidities,"""==",TRUE,,19,,,New,IIIb,C,Consensus,A life expectancy of two to three years may be regarded,New,"Endovascular or open surgical repair, whether elective or for ruptured thoracic or thoraco-abdominal aortic aneurysm, is not recommended in patients deemed unfit for repair or unlikely to benefit due to severe comorbidities, frailty, limited life expectancy , or those who decline intervention after shared decision making. ",IIIb,C,Consensus,A life expectancy of two to three years may be regarded
15,,general,"Endovascular or open surgical repair, whether elective or for ruptured thoracic or thoraco-abdominal aortic aneurysm, is not recommended in patients deemed unfit for repair or unlikely to benefit due to severe comorbidities, frailty, limited life expectancy , or those who decline intervention after shared decision making. ",2,3,frailty,"""==",TRUE,,19,,,New,IIIb,C,Consensus,A life expectancy of two to three years may be regarded,New,"Endovascular or open surgical repair, whether elective or for ruptured thoracic or thoraco-abdominal aortic aneurysm, is not recommended in patients deemed unfit for repair or unlikely to benefit due to severe comorbidities, frailty, limited life expectancy , or those who decline intervention after shared decision making. ",IIIb,C,Consensus,A life expectancy of two to three years may be regarded
15,,general,"Endovascular or open surgical repair, whether elective or for ruptured thoracic or thoraco-abdominal aortic aneurysm, is not recommended in patients deemed unfit for repair or unlikely to benefit due to severe comorbidities, frailty, limited life expectancy , or those who decline intervention after shared decision making. ",2,4,limited_life_expectancy,"""==",TRUE,,19,,,New,IIIb,C,Consensus,A life expectancy of two to three years may be regarded,New,"Endovascular or open surgical repair, whether elective or for ruptured thoracic or thoraco-abdominal aortic aneurysm, is not recommended in patients deemed unfit for repair or unlikely to benefit due to severe comorbidities, frailty, limited life expectancy , or those who decline intervention after shared decision making. ",IIIb,C,Consensus,A life expectancy of two to three years may be regarded
15,,general,"Endovascular or open surgical repair, whether elective or for ruptured thoracic or thoraco-abdominal aortic aneurysm, is not recommended in patients deemed unfit for repair or unlikely to benefit due to severe comorbidities, frailty, limited life expectancy , or those who decline intervention after shared decision making. ",2,5,decline_intervention,"""==",TRUE,,19,,,New,IIIb,C,Consensus,A life expectancy of two to three years may be regarded,New,"Endovascular or open surgical repair, whether elective or for ruptured thoracic or thoraco-abdominal aortic aneurysm, is not recommended in patients deemed unfit for repair or unlikely to benefit due to severe comorbidities, frailty, limited life expectancy , or those who decline intervention after shared decision making. ",IIIb,C,Consensus,A life expectancy of two to three years may be regarded
16,,general,"Left subclavian artery revascularisation should be considered in patients undergoing elective thoracic endovascular aortic repair with intentional left subclavian artery coverage, taking into account the risk of end organ ischaemia  and urgency of the procedure. ",2,1,repair_type,"""==",TEVAR,,21,,,Unchanged,IIa,B,Consensus,"Dominant left vertebral artery, compromised right vertebral artery",Unchanged,"Left subclavian artery revascularisation should be considered in patients undergoing elective thoracic endovascular aortic repair with intentional left subclavian artery coverage, taking into account the risk of end organ ischaemia  and urgency of the procedure. ",IIa,B,Consensus,"Dominant left vertebral artery, compromised right vertebral artery"
16,,general,"Left subclavian artery revascularisation should be considered in patients undergoing elective thoracic endovascular aortic repair with intentional left subclavian artery coverage, taking into account the risk of end organ ischaemia  and urgency of the procedure. ",2,1,lsa_coverage,"""==",TRUE,,21,,,Unchanged,IIa,B,Consensus,"Dominant left vertebral artery, compromised right vertebral artery",Unchanged,"Left subclavian artery revascularisation should be considered in patients undergoing elective thoracic endovascular aortic repair with intentional left subclavian artery coverage, taking into account the risk of end organ ischaemia  and urgency of the procedure. ",IIa,B,Consensus,"Dominant left vertebral artery, compromised right vertebral artery"
16,,general,"Left subclavian artery revascularisation should be considered in patients undergoing elective thoracic endovascular aortic repair with intentional left subclavian artery coverage, taking into account the risk of end organ ischaemia  and urgency of the procedure. ",2,1,repair_timing,"""==",elective,,21,,,Unchanged,IIa,B,Consensus,"Dominant left vertebral artery, compromised right vertebral artery",Unchanged,"Left subclavian artery revascularisation should be considered in patients undergoing elective thoracic endovascular aortic repair with intentional left subclavian artery coverage, taking into account the risk of end organ ischaemia  and urgency of the procedure. ",IIa,B,Consensus,"Dominant left vertebral artery, compromised right vertebral artery"
17,,aneurysm,"Protocolised strategies  for the prevention, early detection, and management of spinal cord ischaemia are recommended for patients undergoing descending thoracic and thoraco- abdominal aortic repair. ",2,1,descending_thoracic,"""==",TRUE,,23,,,,I,C,"Tenorio et al. (2022),126
Dijkstra et al. (2018),128
Aucoin et al. (2021),130
Sickels et al. (2025)154","Staging the procedure, maintaining a high blood pressure an",,"Protocolised strategies  for the prevention, early detection, and management of spinal cord ischaemia are recommended for patients undergoing descending thoracic and thoraco- abdominal aortic repair. ",I,C,"Tenorio et al. (2022),126
Dijkstra et al. (2018),128
Aucoin et al. (2021),130
Sickels et al. (2025)154","Staging the procedure, maintaining a high blood pressure an"
17,,aneurysm,"Protocolised strategies  for the prevention, early detection, and management of spinal cord ischaemia are recommended for patients undergoing descending thoracic and thoraco- abdominal aortic repair. ",2,1,repair_type,"""==",endovascular,,23,,,,I,C,"Tenorio et al. (2022),126
Dijkstra et al. (2018),128
Aucoin et al. (2021),130
Sickels et al. (2025)154","Staging the procedure, maintaining a high blood pressure an",,"Protocolised strategies  for the prevention, early detection, and management of spinal cord ischaemia are recommended for patients undergoing descending thoracic and thoraco- abdominal aortic repair. ",I,C,"Tenorio et al. (2022),126
Dijkstra et al. (2018),128
Aucoin et al. (2021),130
Sickels et al. (2025)154","Staging the procedure, maintaining a high blood pressure an"
17,,aneurysm,"Protocolised strategies  for the prevention, early detection, and management of spinal cord ischaemia are recommended for patients undergoing descending thoracic and thoraco- abdominal aortic repair. ",2,2,abdominal_thoracic,"""==",TRUE,,23,,,,I,C,"Tenorio et al. (2022),126
Dijkstra et al. (2018),128
Aucoin et al. (2021),130
Sickels et al. (2025)154","Staging the procedure, maintaining a high blood pressure an",,"Protocolised strategies  for the prevention, early detection, and management of spinal cord ischaemia are recommended for patients undergoing descending thoracic and thoraco- abdominal aortic repair. ",I,C,"Tenorio et al. (2022),126
Dijkstra et al. (2018),128
Aucoin et al. (2021),130
Sickels et al. (2025)154","Staging the procedure, maintaining a high blood pressure an"
17,,aneurysm,"Protocolised strategies  for the prevention, early detection, and management of spinal cord ischaemia are recommended for patients undergoing descending thoracic and thoraco- abdominal aortic repair. ",2,2,repair_type,"""==",endovascular,,23,,,,I,C,"Tenorio et al. (2022),126
Dijkstra et al. (2018),128
Aucoin et al. (2021),130
Sickels et al. (2025)154","Staging the procedure, maintaining a high blood pressure an",,"Protocolised strategies  for the prevention, early detection, and management of spinal cord ischaemia are recommended for patients undergoing descending thoracic and thoraco- abdominal aortic repair. ",I,C,"Tenorio et al. (2022),126
Dijkstra et al. (2018),128
Aucoin et al. (2021),130
Sickels et al. (2025)154","Staging the procedure, maintaining a high blood pressure an"
18,,aneurysm,Staged repair should be considered for patients undergoing extensive thoracic and thoraco-abdominal endovascular aortic repair. ,2,1,repair_type,"""==",open,,24,,,,IIa,C,"Kasprzak et al. (2014),135
Dias-Neto et al. (2023),139
Juszczak et al. (2019)145",,,Staged repair should be considered for patients undergoing extensive thoracic and thoraco-abdominal endovascular aortic repair. ,IIa,C,"Kasprzak et al. (2014),135
Dias-Neto et al. (2023),139
Juszczak et al. (2019)145",
18,,aneurysm,Staged repair should be considered for patients undergoing extensive thoracic and thoraco-abdominal endovascular aortic repair. ,2,1,descending_thoracic,"""==",TRUE,,24,,,,IIa,C,"Kasprzak et al. (2014),135
Dias-Neto et al. (2023),139
Juszczak et al. (2019)145",,,Staged repair should be considered for patients undergoing extensive thoracic and thoraco-abdominal endovascular aortic repair. ,IIa,C,"Kasprzak et al. (2014),135
Dias-Neto et al. (2023),139
Juszczak et al. (2019)145",
18,,aneurysm,Staged repair should be considered for patients undergoing extensive thoracic and thoraco-abdominal endovascular aortic repair. ,2,2,repair_type,"""==",open,,24,,,,IIa,C,"Kasprzak et al. (2014),135
Dias-Neto et al. (2023),139
Juszczak et al. (2019)145",,,Staged repair should be considered for patients undergoing extensive thoracic and thoraco-abdominal endovascular aortic repair. ,IIa,C,"Kasprzak et al. (2014),135
Dias-Neto et al. (2023),139
Juszczak et al. (2019)145",
18,,aneurysm,Staged repair should be considered for patients undergoing extensive thoracic and thoraco-abdominal endovascular aortic repair. ,2,2,abdominal_thoracic,"""==",TRUE,,24,,,,IIa,C,"Kasprzak et al. (2014),135
Dias-Neto et al. (2023),139
Juszczak et al. (2019)145",,,Staged repair should be considered for patients undergoing extensive thoracic and thoraco-abdominal endovascular aortic repair. ,IIa,C,"Kasprzak et al. (2014),135
Dias-Neto et al. (2023),139
Juszczak et al. (2019)145",
19,,general,Prophylactic cerebrospinal fluid drainage is recommended for patients undergoing open thoracic or thoraco-abdominal aortic repair. ,2,1,repair_type,"""==",endovascular,,25,,,,I,A,"Coselli et al. (2002),125
Khan et al. (2012)140",,,Prophylactic cerebrospinal fluid drainage is recommended for patients undergoing open thoracic or thoraco-abdominal aortic repair. ,I,A,"Coselli et al. (2002),125
Khan et al. (2012)140",
19,,general,Prophylactic cerebrospinal fluid drainage is recommended for patients undergoing open thoracic or thoraco-abdominal aortic repair. ,2,1,extensive_repair,"""==",TRUE,,25,,,,I,A,"Coselli et al. (2002),125
Khan et al. (2012)140",,,Prophylactic cerebrospinal fluid drainage is recommended for patients undergoing open thoracic or thoraco-abdominal aortic repair. ,I,A,"Coselli et al. (2002),125
Khan et al. (2012)140",
20,,aneurysm,A reactive (rescue) cerebrospinal fluid drainage strategy may be considered preferable to routine prophylactic drainage in patients undergoing extensive thoracic endovascular aortic repair. ,2,1,repair_type,"""==",open,,26,,,Changed,IIb,C,Consensus,,Changed,A reactive (rescue) cerebrospinal fluid drainage strategy may be considered preferable to routine prophylactic drainage in patients undergoing extensive thoracic endovascular aortic repair. ,IIb,C,Consensus,
20,,aneurysm,A reactive (rescue) cerebrospinal fluid drainage strategy may be considered preferable to routine prophylactic drainage in patients undergoing extensive thoracic endovascular aortic repair. ,2,1,abdominal_thoracic,"""==",TRUE,,26,,,Changed,IIb,C,Consensus,,Changed,A reactive (rescue) cerebrospinal fluid drainage strategy may be considered preferable to routine prophylactic drainage in patients undergoing extensive thoracic endovascular aortic repair. ,IIb,C,Consensus,
21,,aneurysm,Re-implantation of major intercostal arteries should be considered during open thoraco-abdominal aortic repair to reduce the risk of spinal cord ischaemia. ,2,1,repair_type,"""==",endovascular,,27,,,Unchanged,IIa,C,Consensus,,Unchanged,Re-implantation of major intercostal arteries should be considered during open thoraco-abdominal aortic repair to reduce the risk of spinal cord ischaemia. ,IIa,C,Consensus,
21,,aneurysm,Re-implantation of major intercostal arteries should be considered during open thoraco-abdominal aortic repair to reduce the risk of spinal cord ischaemia. ,2,1,abdominal_thoracic,"""==",TRUE,,27,,,Unchanged,IIa,C,Consensus,,Unchanged,Re-implantation of major intercostal arteries should be considered during open thoraco-abdominal aortic repair to reduce the risk of spinal cord ischaemia. ,IIa,C,Consensus,
22,,follow_up,Preservation of flow to the internal iliac arteries should be considered during endovascular thoraco-abdominal aortic repair to reduce the risk of spinal cord ischaemia. ,2,1,post_op_phase,"""==",TRUE,,28,,,New,IIa,C,Consensus,,New,Preservation of flow to the internal iliac arteries should be considered during endovascular thoraco-abdominal aortic repair to reduce the risk of spinal cord ischaemia. ,IIa,C,Consensus,
23,,aneurysm,Early  clinical neurological evaluation is recommended after open or endovascular thoracic or thoraco-abdominal aortic repair to enable prompt detection and treatment of spinal cord ischaemia. ,2,1,repair_type,"""==",open,,29,,,New,I,C,Consensus,Continuously during the peri-operative period in the awake patien,New,Early  clinical neurological evaluation is recommended after open or endovascular thoracic or thoraco-abdominal aortic repair to enable prompt detection and treatment of spinal cord ischaemia. ,I,C,Consensus,Continuously during the peri-operative period in the awake patien
23,,aneurysm,Early  clinical neurological evaluation is recommended after open or endovascular thoracic or thoraco-abdominal aortic repair to enable prompt detection and treatment of spinal cord ischaemia. ,2,1,abdominal_thoracic,"""==",TRUE,,29,,,New,I,C,Consensus,Continuously during the peri-operative period in the awake patien,New,Early  clinical neurological evaluation is recommended after open or endovascular thoracic or thoraco-abdominal aortic repair to enable prompt detection and treatment of spinal cord ischaemia. ,I,C,Consensus,Continuously during the peri-operative period in the awake patien
24,,general,Pre-operative assessment of the iliofemoral access vessels is recommended before thoracic endovascular aortic repair. ,2,1,repair_type,"""==",TEVAR,,32,,,New,I,C,Consensus,,New,Pre-operative assessment of the iliofemoral access vessels is recommended before thoracic endovascular aortic repair. ,I,C,Consensus,
25,,general,"To enable device delivery, endovascular or open surgical optimisation should be considered for compromised access due to diseased and or small calibre iliofemoral arteries. ",2,1,vessel_diameter,<,"""device_threshold""",,33,,,New,IIa,C,Consensus,,New,"To enable device delivery, endovascular or open surgical optimisation should be considered for compromised access due to diseased and or small calibre iliofemoral arteries. ",IIa,C,Consensus,
25,,general,"To enable device delivery, endovascular or open surgical optimisation should be considered for compromised access due to diseased and or small calibre iliofemoral arteries. ",2,1,repair_type,"""==",TEVAR,,33,,,New,IIa,C,Consensus,,New,"To enable device delivery, endovascular or open surgical optimisation should be considered for compromised access due to diseased and or small calibre iliofemoral arteries. ",IIa,C,Consensus,
26,,dissection,"Prompt medical therapy, with pain control and anti-impulse therapy , and invasive haemodynamic monitoring † are recommended as initial treatment for all patients with acute type B aortic dissection. ",2,1,aortic_dissection,"""==",acute_type_B,,36,,,Changed,I,C,Consensus,Systolic blood pressure < 120 mmHg and heart rate < 60 bpm,Changed,"Prompt medical therapy, with pain control and anti-impulse therapy , and invasive haemodynamic monitoring † are recommended as initial treatment for all patients with acute type B aortic dissection. ",I,C,Consensus,Systolic blood pressure < 120 mmHg and heart rate < 60 bpm
27,,dissection,Routine thoracic endovascular aortic repair is not indicated for uncomplicated acute type B aortic dissections outside clinical trials. ,2,1,aortic_dissection,"""==",acute_type_B,,37,,,,IIIa,B,"Brunkwall et al. (2014),227
Nienaber et al. (2009),228
Nienaber et al. (2013)229",,,Routine thoracic endovascular aortic repair is not indicated for uncomplicated acute type B aortic dissections outside clinical trials. ,IIIa,B,"Brunkwall et al. (2014),227
Nienaber et al. (2009),228
Nienaber et al. (2013)229",
27,,dissection,Routine thoracic endovascular aortic repair is not indicated for uncomplicated acute type B aortic dissections outside clinical trials. ,2,1,complicated_status,"""==",FALSE,,37,,,,IIIa,B,"Brunkwall et al. (2014),227
Nienaber et al. (2009),228
Nienaber et al. (2013)229",,,Routine thoracic endovascular aortic repair is not indicated for uncomplicated acute type B aortic dissections outside clinical trials. ,IIIa,B,"Brunkwall et al. (2014),227
Nienaber et al. (2009),228
Nienaber et al. (2013)229",
28,REPAIR,dissection,"Selected patients with uncomplicated  acute type B aortic dissection and suitable anatomy with early aortic expansion or large initial diameter (> 4.0 cm) may be considered for thoracic endovascular aortic repair, preferably during the subacute phase. ",2,1,aortic_dissection,"""==",acute_type_B,,39,,,Changed,IIb,C,Consensus,No signs of rupture or malperfusion.,Changed,"Selected patients with uncomplicated  acute type B aortic dissection and suitable anatomy with early aortic expansion or large initial diameter (> 4.0 cm) may be considered for thoracic endovascular aortic repair, preferably during the subacute phase. ",IIb,C,Consensus,No signs of rupture or malperfusion.
28,REPAIR,dissection,"Selected patients with uncomplicated  acute type B aortic dissection and suitable anatomy with early aortic expansion or large initial diameter (> 4.0 cm) may be considered for thoracic endovascular aortic repair, preferably during the subacute phase. ",2,1,complicated_status,"""==",FALSE,,39,,,Changed,IIb,C,Consensus,No signs of rupture or malperfusion.,Changed,"Selected patients with uncomplicated  acute type B aortic dissection and suitable anatomy with early aortic expansion or large initial diameter (> 4.0 cm) may be considered for thoracic endovascular aortic repair, preferably during the subacute phase. ",IIb,C,Consensus,No signs of rupture or malperfusion.
28,REPAIR,dissection,"Selected patients with uncomplicated  acute type B aortic dissection and suitable anatomy with early aortic expansion or large initial diameter (> 4.0 cm) may be considered for thoracic endovascular aortic repair, preferably during the subacute phase. ",2,1,aortic_diameter,>,4.0,cm,39,,,Changed,IIb,C,Consensus,No signs of rupture or malperfusion.,Changed,"Selected patients with uncomplicated  acute type B aortic dissection and suitable anatomy with early aortic expansion or large initial diameter (> 4.0 cm) may be considered for thoracic endovascular aortic repair, preferably during the subacute phase. ",IIb,C,Consensus,No signs of rupture or malperfusion.
28,REPAIR,dissection,"Selected patients with uncomplicated  acute type B aortic dissection and suitable anatomy with early aortic expansion or large initial diameter (> 4.0 cm) may be considered for thoracic endovascular aortic repair, preferably during the subacute phase. ",2,2,aortic_dissection,"""==",acute_type_B,,39,,,Changed,IIb,C,Consensus,No signs of rupture or malperfusion.,Changed,"Selected patients with uncomplicated  acute type B aortic dissection and suitable anatomy with early aortic expansion or large initial diameter (> 4.0 cm) may be considered for thoracic endovascular aortic repair, preferably during the subacute phase. ",IIb,C,Consensus,No signs of rupture or malperfusion.
28,REPAIR,dissection,"Selected patients with uncomplicated  acute type B aortic dissection and suitable anatomy with early aortic expansion or large initial diameter (> 4.0 cm) may be considered for thoracic endovascular aortic repair, preferably during the subacute phase. ",2,2,complicated_status,"""==",FALSE,,39,,,Changed,IIb,C,Consensus,No signs of rupture or malperfusion.,Changed,"Selected patients with uncomplicated  acute type B aortic dissection and suitable anatomy with early aortic expansion or large initial diameter (> 4.0 cm) may be considered for thoracic endovascular aortic repair, preferably during the subacute phase. ",IIb,C,Consensus,No signs of rupture or malperfusion.
28,REPAIR,dissection,"Selected patients with uncomplicated  acute type B aortic dissection and suitable anatomy with early aortic expansion or large initial diameter (> 4.0 cm) may be considered for thoracic endovascular aortic repair, preferably during the subacute phase. ",2,2,early_aortic_expansion,"""==",TRUE,,39,,,Changed,IIb,C,Consensus,No signs of rupture or malperfusion.,Changed,"Selected patients with uncomplicated  acute type B aortic dissection and suitable anatomy with early aortic expansion or large initial diameter (> 4.0 cm) may be considered for thoracic endovascular aortic repair, preferably during the subacute phase. ",IIb,C,Consensus,No signs of rupture or malperfusion.
32,,dissection,Proximal landing of the thoracic endograft in non-dissected aorta should be considered in patients undergoing treatment for acute type B aortic dissection. ,2,1,aortic_dissection,"""==",acute_type_B,,43,,,New,IIa,C,Consensus,,New,Proximal landing of the thoracic endograft in non-dissected aorta should be considered in patients undergoing treatment for acute type B aortic dissection. ,IIa,C,Consensus,
32,,dissection,Proximal landing of the thoracic endograft in non-dissected aorta should be considered in patients undergoing treatment for acute type B aortic dissection. ,2,1,repair_type,"""==",TEVAR,,43,,,New,IIa,C,Consensus,,New,Proximal landing of the thoracic endograft in non-dissected aorta should be considered in patients undergoing treatment for acute type B aortic dissection. ,IIa,C,Consensus,
33,,dissection,Balloon moulding and or excessive oversizing of the thoracic endograft is not recommended in patients with acute type B aortic dissection as it increases the risk of proximal or distal stent graft induced new entry. ,2,1,balloon_moulding,"""==",TRUE,,44,,,New,IIIb,C,Consensus,,New,Balloon moulding and or excessive oversizing of the thoracic endograft is not recommended in patients with acute type B aortic dissection as it increases the risk of proximal or distal stent graft induced new entry. ,IIIb,C,Consensus,
33,,dissection,Balloon moulding and or excessive oversizing of the thoracic endograft is not recommended in patients with acute type B aortic dissection as it increases the risk of proximal or distal stent graft induced new entry. ,2,1,aortic_dissection,"""==",acute_type_B,,44,,,New,IIIb,C,Consensus,,New,Balloon moulding and or excessive oversizing of the thoracic endograft is not recommended in patients with acute type B aortic dissection as it increases the risk of proximal or distal stent graft induced new entry. ,IIIb,C,Consensus,
33,,dissection,Balloon moulding and or excessive oversizing of the thoracic endograft is not recommended in patients with acute type B aortic dissection as it increases the risk of proximal or distal stent graft induced new entry. ,2,2,excessive_oversizing,"""==",TRUE,,44,,,New,IIIb,C,Consensus,,New,Balloon moulding and or excessive oversizing of the thoracic endograft is not recommended in patients with acute type B aortic dissection as it increases the risk of proximal or distal stent graft induced new entry. ,IIIb,C,Consensus,
33,,dissection,Balloon moulding and or excessive oversizing of the thoracic endograft is not recommended in patients with acute type B aortic dissection as it increases the risk of proximal or distal stent graft induced new entry. ,2,2,aortic_dissection,"""==",acute_type_B,,44,,,New,IIIb,C,Consensus,,New,Balloon moulding and or excessive oversizing of the thoracic endograft is not recommended in patients with acute type B aortic dissection as it increases the risk of proximal or distal stent graft induced new entry. ,IIIb,C,Consensus,
35,,dissection,"Individualised long term clinical follow up and serial cross sectional imaging is recommended after endovascular and open surgical treatment of acute type B aortic dissection, taking into account extent of disease and repair, imaging findings, patient fitness, and life expectancy. ",2,1,post_op_phase,"""==",TRUE,,46,,,Changed,I,C,Consensus,,Changed,"Individualised long term clinical follow up and serial cross sectional imaging is recommended after endovascular and open surgical treatment of acute type B aortic dissection, taking into account extent of disease and repair, imaging findings, patient fitness, and life expectancy. ",I,C,Consensus,
35,,dissection,"Individualised long term clinical follow up and serial cross sectional imaging is recommended after endovascular and open surgical treatment of acute type B aortic dissection, taking into account extent of disease and repair, imaging findings, patient fitness, and life expectancy. ",2,1,aortic_dissection,"""==",acute_type_B,,46,,,Changed,I,C,Consensus,,Changed,"Individualised long term clinical follow up and serial cross sectional imaging is recommended after endovascular and open surgical treatment of acute type B aortic dissection, taking into account extent of disease and repair, imaging findings, patient fitness, and life expectancy. ",I,C,Consensus,
36,,dissection,"Patients with uncomplicated  penetrating aortic ulcer or intramural haematoma of the descending thoracic aorta are recommended for conservative management, including best medical therapy and surveillance with serial cross sectional imaging. ",2,1,pau_or_imh,"""==",TRUE,,47,,,,I,C,"Nathan et al. (2012),313
Salim et al. (2020),315
Evangelista et al. (2015)323","No rupture, rapid expansion, peri-aortic haematoma",,"Patients with uncomplicated  penetrating aortic ulcer or intramural haematoma of the descending thoracic aorta are recommended for conservative management, including best medical therapy and surveillance with serial cross sectional imaging. ",I,C,"Nathan et al. (2012),313
Salim et al. (2020),315
Evangelista et al. (2015)323","No rupture, rapid expansion, peri-aortic haematoma"
36,,dissection,"Patients with uncomplicated  penetrating aortic ulcer or intramural haematoma of the descending thoracic aorta are recommended for conservative management, including best medical therapy and surveillance with serial cross sectional imaging. ",2,1,complicated_status,"""==",FALSE,,47,,,,I,C,"Nathan et al. (2012),313
Salim et al. (2020),315
Evangelista et al. (2015)323","No rupture, rapid expansion, peri-aortic haematoma",,"Patients with uncomplicated  penetrating aortic ulcer or intramural haematoma of the descending thoracic aorta are recommended for conservative management, including best medical therapy and surveillance with serial cross sectional imaging. ",I,C,"Nathan et al. (2012),313
Salim et al. (2020),315
Evangelista et al. (2015)323","No rupture, rapid expansion, peri-aortic haematoma"
36,,dissection,"Patients with uncomplicated  penetrating aortic ulcer or intramural haematoma of the descending thoracic aorta are recommended for conservative management, including best medical therapy and surveillance with serial cross sectional imaging. ",2,1,descending_thoracic,"""==",TRUE,,47,,,,I,C,"Nathan et al. (2012),313
Salim et al. (2020),315
Evangelista et al. (2015)323","No rupture, rapid expansion, peri-aortic haematoma",,"Patients with uncomplicated  penetrating aortic ulcer or intramural haematoma of the descending thoracic aorta are recommended for conservative management, including best medical therapy and surveillance with serial cross sectional imaging. ",I,C,"Nathan et al. (2012),313
Salim et al. (2020),315
Evangelista et al. (2015)323","No rupture, rapid expansion, peri-aortic haematoma"
37,,dissection,"Patients with chronic type B aortic dissection are recommended for life long antihypertensive therapy, with target blood pressure < 130/80 mmHg, and surveillance with serial cross sectional imaging after six and 12 months and thereafter individualised as appropriate. ",2,1,chronic_type,"""==",B,,49,,,Changed,I,C,Consensus,,Changed,"Patients with chronic type B aortic dissection are recommended for life long antihypertensive therapy, with target blood pressure < 130/80 mmHg, and surveillance with serial cross sectional imaging after six and 12 months and thereafter individualised as appropriate. ",I,C,Consensus,
38,,dissection,"Beta blockers, angiotensin converting enzyme inhibitors, angiotensin receptor blockers, and or calcium channel blockers are recommended for long term antihypertensive medical treatment in patients with chronic type B aortic dissection. ",2,1,chronic_type,"""==",B,,50,,,,I,B,"Genoni et al. (2001),332
Suzuki et al. (2012),333
Chen et al. (2021),336
Smedberg et al. (2022),339
Jonker et al. (2012)340",,,"Beta blockers, angiotensin converting enzyme inhibitors, angiotensin receptor blockers, and or calcium channel blockers are recommended for long term antihypertensive medical treatment in patients with chronic type B aortic dissection. ",I,B,"Genoni et al. (2001),332
Suzuki et al. (2012),333
Chen et al. (2021),336
Smedberg et al. (2022),339
Jonker et al. (2012)340",
39,,dissection,Patients with type B aortic dissection should be considered for long term statin therapy. ,2,1,chronic_type,"""==",B,,51,,,,IIa,C,"Smedberg et al. (2022),339
Cheng et al. (2024)343",,,Patients with type B aortic dissection should be considered for long term statin therapy. ,IIa,C,"Smedberg et al. (2022),339
Cheng et al. (2024)343",
40,REPAIR,dissection,"Patients with chronic type B aortic dissection and an aortic diameter ≥ 6.0 cm should be considered for repair, taking into account fitness, aneurysm anatomy, and patient preferences. ",2,1,chronic_type,"""==",B,,52,,,Unchanged,IIa,C,Consensus,,Unchanged,"Patients with chronic type B aortic dissection and an aortic diameter ≥ 6.0 cm should be considered for repair, taking into account fitness, aneurysm anatomy, and patient preferences. ",IIa,C,Consensus,
40,REPAIR,dissection,"Patients with chronic type B aortic dissection and an aortic diameter ≥ 6.0 cm should be considered for repair, taking into account fitness, aneurysm anatomy, and patient preferences. ",2,1,aortic_diameter,>=,6.0,cm,52,,,Unchanged,IIa,C,Consensus,,Unchanged,"Patients with chronic type B aortic dissection and an aortic diameter ≥ 6.0 cm should be considered for repair, taking into account fitness, aneurysm anatomy, and patient preferences. ",IIa,C,Consensus,
41,REPAIR,dissection,A lower aortic diameter threshold (≥ 5.5 cm) for repair may be considered in selected  patients with chronic type B aortic dissection. ,2,1,chronic_type,"""==",B,,53,,,Unchanged,IIb,C,Consensus,Based on aortic size index or significant growth.,Unchanged,A lower aortic diameter threshold (≥ 5.5 cm) for repair may be considered in selected  patients with chronic type B aortic dissection. ,IIb,C,Consensus,Based on aortic size index or significant growth.
41,REPAIR,dissection,A lower aortic diameter threshold (≥ 5.5 cm) for repair may be considered in selected  patients with chronic type B aortic dissection. ,2,1,aortic_diameter,>=,5.5,cm,53,,,Unchanged,IIb,C,Consensus,Based on aortic size index or significant growth.,Unchanged,A lower aortic diameter threshold (≥ 5.5 cm) for repair may be considered in selected  patients with chronic type B aortic dissection. ,IIb,C,Consensus,Based on aortic size index or significant growth.
42,REPAIR,dissection,Thoracic endovascular aortic repair should be considered as the primary treatment option for patients with chronic type B aortic dissection and aneurysm formation confined to the thoracic aorta.  ToE,2,1,chronic_type,"""==",B,,54,,,,IIa,C,Conrad et al. (2010)364,,,Thoracic endovascular aortic repair should be considered as the primary treatment option for patients with chronic type B aortic dissection and aneurysm formation confined to the thoracic aorta.  ToE,IIa,C,Conrad et al. (2010)364,
42,REPAIR,dissection,Thoracic endovascular aortic repair should be considered as the primary treatment option for patients with chronic type B aortic dissection and aneurysm formation confined to the thoracic aorta.  ToE,2,1,descending_thoracic,"""==",TRUE,,54,,,,IIa,C,Conrad et al. (2010)364,,,Thoracic endovascular aortic repair should be considered as the primary treatment option for patients with chronic type B aortic dissection and aneurysm formation confined to the thoracic aorta.  ToE,IIa,C,Conrad et al. (2010)364,
42,REPAIR,dissection,Thoracic endovascular aortic repair should be considered as the primary treatment option for patients with chronic type B aortic dissection and aneurysm formation confined to the thoracic aorta.  ToE,2,1,abdominal_thoracic,"""==",FALSE,,54,,,,IIa,C,Conrad et al. (2010)364,,,Thoracic endovascular aortic repair should be considered as the primary treatment option for patients with chronic type B aortic dissection and aneurysm formation confined to the thoracic aorta.  ToE,IIa,C,Conrad et al. (2010)364,
42,REPAIR,dissection,Non-infected saccular descending thoracic aortic aneurysms may be considered for early surgical treatment with a lower diameter threshold for elective repair than for standard fusiform aneurysms. ,2,1,aneurysm_morphology,"""==",saccular,-,63,,,New,IIb,C,Consensus,,New,Non-infected saccular descending thoracic aortic aneurysms may be considered for early surgical treatment with a lower diameter threshold for elective repair than for standard fusiform aneurysms. ,IIb,C,Consensus,
42,REPAIR,dissection,Non-infected saccular descending thoracic aortic aneurysms may be considered for early surgical treatment with a lower diameter threshold for elective repair than for standard fusiform aneurysms. ,2,1,infected,"""==",FALSE,-,63,,,New,IIb,C,Consensus,,New,Non-infected saccular descending thoracic aortic aneurysms may be considered for early surgical treatment with a lower diameter threshold for elective repair than for standard fusiform aneurysms. ,IIb,C,Consensus,
42,REPAIR,dissection,Non-infected saccular descending thoracic aortic aneurysms may be considered for early surgical treatment with a lower diameter threshold for elective repair than for standard fusiform aneurysms. ,2,1,descending_thoracic,"""==",TRUE,-,63,,,New,IIb,C,Consensus,,New,Non-infected saccular descending thoracic aortic aneurysms may be considered for early surgical treatment with a lower diameter threshold for elective repair than for standard fusiform aneurysms. ,IIb,C,Consensus,
43,REPAIR,dissection,Endovascular repair with fenestrated and branched technologies should be considered first line therapy in patients with chronic type B aortic dissection and aneurysm formation involving the thoraco-abdominal aorta. ,2,1,chronic_type,"""==",B,,56,,,,IIa,C,"Tenorio et al. (2020),354
Oikonomou et al. (2019),356
Abdelhalim et al. (2023),359
Conrad et al. (2010)364",,,Endovascular repair with fenestrated and branched technologies should be considered first line therapy in patients with chronic type B aortic dissection and aneurysm formation involving the thoraco-abdominal aorta. ,IIa,C,"Tenorio et al. (2020),354
Oikonomou et al. (2019),356
Abdelhalim et al. (2023),359
Conrad et al. (2010)364",
43,REPAIR,dissection,Endovascular repair with fenestrated and branched technologies should be considered first line therapy in patients with chronic type B aortic dissection and aneurysm formation involving the thoraco-abdominal aorta. ,2,1,abdominal_thoracic,"""==",TRUE,,56,,,,IIa,C,"Tenorio et al. (2020),354
Oikonomou et al. (2019),356
Abdelhalim et al. (2023),359
Conrad et al. (2010)364",,,Endovascular repair with fenestrated and branched technologies should be considered first line therapy in patients with chronic type B aortic dissection and aneurysm formation involving the thoraco-abdominal aorta. ,IIa,C,"Tenorio et al. (2020),354
Oikonomou et al. (2019),356
Abdelhalim et al. (2023),359
Conrad et al. (2010)364",
43,REPAIR,dissection,Thoracic endovascular aortic repair is recommended as the first line surgical treatment option in patients with descending thoracic aortic aneurysms. ,2,1,descending_thoracic,"""==",TRUE,-,64,,,,I,B,"Abraha et al. (2016),404
Chiu et al. (2019),405
Harky et al. (2019)406",,,Thoracic endovascular aortic repair is recommended as the first line surgical treatment option in patients with descending thoracic aortic aneurysms. ,I,B,"Abraha et al. (2016),404
Chiu et al. (2019),405
Harky et al. (2019)406",
44,REPAIR,dissection,Open surgical repair may be considered in selected patients  at low surgical risk with chronic type B aortic dissection and thoraco-abdominal aortic aneurysm formation. ,2,1,chronic_type,"""==",B,,58,,,,IIb,C,"Gombert et al. (2022),141
Alfonsi et al. (2018),367
Preventza et al. (2018),368
Tanaka et al. (2021)369",Young patients with long life expectancy and or with geneti,,Open surgical repair may be considered in selected patients  at low surgical risk with chronic type B aortic dissection and thoraco-abdominal aortic aneurysm formation. ,IIb,C,"Gombert et al. (2022),141
Alfonsi et al. (2018),367
Preventza et al. (2018),368
Tanaka et al. (2021)369",Young patients with long life expectancy and or with geneti
44,REPAIR,dissection,Open surgical repair may be considered in selected patients  at low surgical risk with chronic type B aortic dissection and thoraco-abdominal aortic aneurysm formation. ,2,1,abdominal_thoracic,"""==",TRUE,,58,,,,IIb,C,"Gombert et al. (2022),141
Alfonsi et al. (2018),367
Preventza et al. (2018),368
Tanaka et al. (2021)369",Young patients with long life expectancy and or with geneti,,Open surgical repair may be considered in selected patients  at low surgical risk with chronic type B aortic dissection and thoraco-abdominal aortic aneurysm formation. ,IIb,C,"Gombert et al. (2022),141
Alfonsi et al. (2018),367
Preventza et al. (2018),368
Tanaka et al. (2021)369",Young patients with long life expectancy and or with geneti
44,REPAIR,dissection,Open surgical repair may be considered in selected patients  at low surgical risk with chronic type B aortic dissection and thoraco-abdominal aortic aneurysm formation. ,2,1,surgical_risk,"""==",low,,58,,,,IIb,C,"Gombert et al. (2022),141
Alfonsi et al. (2018),367
Preventza et al. (2018),368
Tanaka et al. (2021)369",Young patients with long life expectancy and or with geneti,,Open surgical repair may be considered in selected patients  at low surgical risk with chronic type B aortic dissection and thoraco-abdominal aortic aneurysm formation. ,IIb,C,"Gombert et al. (2022),141
Alfonsi et al. (2018),367
Preventza et al. (2018),368
Tanaka et al. (2021)369",Young patients with long life expectancy and or with geneti
44,REPAIR,dissection,Endovascular repair with fenestrated and branched technologies should be considered as the first line surgical treatment option in patients with thoraco-abdominal aortic aneurysms. ,2,1,abdominal_thoracic,"""==",TRUE,-,65,,,,IIa,C,"Oderich et al. (2021),419
Dias-Neto et al. (2023),437
Jobim et al. (2024),438
Finnesgard et al. (2025)439",,,Endovascular repair with fenestrated and branched technologies should be considered as the first line surgical treatment option in patients with thoraco-abdominal aortic aneurysms. ,IIa,C,"Oderich et al. (2021),419
Dias-Neto et al. (2023),437
Jobim et al. (2024),438
Finnesgard et al. (2025)439",
45,,aneurysm,Patients with a small descending thoracic or thoraco- abdominal aortic aneurysm who are deemed fit for repair are recommended for surveillance with serial  cross sectional imaging to monitor growth.  ToE,2,1,descending_thoracic,"""==",TRUE,,60,,,,I,C,Sharples et al. (2022)346,"Computed or magnetic tomography annually as baseline, les",,Patients with a small descending thoracic or thoraco- abdominal aortic aneurysm who are deemed fit for repair are recommended for surveillance with serial  cross sectional imaging to monitor growth.  ToE,I,C,Sharples et al. (2022)346,"Computed or magnetic tomography annually as baseline, les"
45,,aneurysm,Patients with a small descending thoracic or thoraco- abdominal aortic aneurysm who are deemed fit for repair are recommended for surveillance with serial  cross sectional imaging to monitor growth.  ToE,2,1,fit_for_repair,"""==",TRUE,,60,,,,I,C,Sharples et al. (2022)346,"Computed or magnetic tomography annually as baseline, les",,Patients with a small descending thoracic or thoraco- abdominal aortic aneurysm who are deemed fit for repair are recommended for surveillance with serial  cross sectional imaging to monitor growth.  ToE,I,C,Sharples et al. (2022)346,"Computed or magnetic tomography annually as baseline, les"
45,REPAIR,aneurysm,Open surgical repair may be considered in selected patients  at low surgical risk with descending thoracic or thoraco- abdominal aortic aneurysms. ,2,1,descending_thoracic,"""==",TRUE,-,66,,,,IIb,C,"Rinaldi et al. (2025),440
Zeigler et al. (2025),441
Cambiaghi et al. (2024)442",Young patients with long life expectancy or with geneti,,Open surgical repair may be considered in selected patients  at low surgical risk with descending thoracic or thoraco- abdominal aortic aneurysms. ,IIb,C,"Rinaldi et al. (2025),440
Zeigler et al. (2025),441
Cambiaghi et al. (2024)442",Young patients with long life expectancy or with geneti
45,REPAIR,aneurysm,Open surgical repair may be considered in selected patients  at low surgical risk with descending thoracic or thoraco- abdominal aortic aneurysms. ,2,1,surgical_risk,"""==",low,-,66,,,,IIb,C,"Rinaldi et al. (2025),440
Zeigler et al. (2025),441
Cambiaghi et al. (2024)442",Young patients with long life expectancy or with geneti,,Open surgical repair may be considered in selected patients  at low surgical risk with descending thoracic or thoraco- abdominal aortic aneurysms. ,IIb,C,"Rinaldi et al. (2025),440
Zeigler et al. (2025),441
Cambiaghi et al. (2024)442",Young patients with long life expectancy or with geneti
45,,aneurysm,Patients with a small descending thoracic or thoraco- abdominal aortic aneurysm who are deemed fit for repair are recommended for surveillance with serial  cross sectional imaging to monitor growth.  ToE,2,2,abdominal_thoracic,"""==",TRUE,,60,,,,I,C,Sharples et al. (2022)346,"Computed or magnetic tomography annually as baseline, les",,Patients with a small descending thoracic or thoraco- abdominal aortic aneurysm who are deemed fit for repair are recommended for surveillance with serial  cross sectional imaging to monitor growth.  ToE,I,C,Sharples et al. (2022)346,"Computed or magnetic tomography annually as baseline, les"
45,,aneurysm,Patients with a small descending thoracic or thoraco- abdominal aortic aneurysm who are deemed fit for repair are recommended for surveillance with serial  cross sectional imaging to monitor growth.  ToE,2,2,fit_for_repair,"""==",TRUE,,60,,,,I,C,Sharples et al. (2022)346,"Computed or magnetic tomography annually as baseline, les",,Patients with a small descending thoracic or thoraco- abdominal aortic aneurysm who are deemed fit for repair are recommended for surveillance with serial  cross sectional imaging to monitor growth.  ToE,I,C,Sharples et al. (2022)346,"Computed or magnetic tomography annually as baseline, les"
45,REPAIR,aneurysm,Open surgical repair may be considered in selected patients  at low surgical risk with descending thoracic or thoraco- abdominal aortic aneurysms. ,2,2,abdominal_thoracic,"""==",TRUE,-,66,,,,IIb,C,"Rinaldi et al. (2025),440
Zeigler et al. (2025),441
Cambiaghi et al. (2024)442",Young patients with long life expectancy or with geneti,,Open surgical repair may be considered in selected patients  at low surgical risk with descending thoracic or thoraco- abdominal aortic aneurysms. ,IIb,C,"Rinaldi et al. (2025),440
Zeigler et al. (2025),441
Cambiaghi et al. (2024)442",Young patients with long life expectancy or with geneti
45,REPAIR,aneurysm,Open surgical repair may be considered in selected patients  at low surgical risk with descending thoracic or thoraco- abdominal aortic aneurysms. ,2,2,surgical_risk,"""==",low,-,66,,,,IIb,C,"Rinaldi et al. (2025),440
Zeigler et al. (2025),441
Cambiaghi et al. (2024)442",Young patients with long life expectancy or with geneti,,Open surgical repair may be considered in selected patients  at low surgical risk with descending thoracic or thoraco- abdominal aortic aneurysms. ,IIb,C,"Rinaldi et al. (2025),440
Zeigler et al. (2025),441
Cambiaghi et al. (2024)442",Young patients with long life expectancy or with geneti
46,,general,"If coverage of the coeliac artery is required to achieve an adequate seal during endovascular repair for descending thoracic aortic repair, revascularisation should be considered if collateral flow from the superior mesenteric artery is insufficient, preferably by endovascular techniques. ",2,1,coeliac_coverage,"""==",TRUE,-,67,,,,IIa,C,"King et al. (2020),411
Hanna et al. (2022),415
Mezzetto et al. (2023)443",,,"If coverage of the coeliac artery is required to achieve an adequate seal during endovascular repair for descending thoracic aortic repair, revascularisation should be considered if collateral flow from the superior mesenteric artery is insufficient, preferably by endovascular techniques. ",IIa,C,"King et al. (2020),411
Hanna et al. (2022),415
Mezzetto et al. (2023)443",
46,,general,"If coverage of the coeliac artery is required to achieve an adequate seal during endovascular repair for descending thoracic aortic repair, revascularisation should be considered if collateral flow from the superior mesenteric artery is insufficient, preferably by endovascular techniques. ",2,1,sma_collateral_flow,"""==",insufficient,-,67,,,,IIa,C,"King et al. (2020),411
Hanna et al. (2022),415
Mezzetto et al. (2023)443",,,"If coverage of the coeliac artery is required to achieve an adequate seal during endovascular repair for descending thoracic aortic repair, revascularisation should be considered if collateral flow from the superior mesenteric artery is insufficient, preferably by endovascular techniques. ",IIa,C,"King et al. (2020),411
Hanna et al. (2022),415
Mezzetto et al. (2023)443",
47,,aneurysm,Distal aortic perfusion is recommended during open surgical repair for thoracic and thoraco-abdominal aortic aneurysms to maintain end organ perfusion and reduce the risk of ischaemic complications. ,2,1,repair_type,"""==",open,-,71,,,,I,C,"Kouchoukos et al. (2019),453
Fehrenbacher et al. (2010)459",,,Distal aortic perfusion is recommended during open surgical repair for thoracic and thoraco-abdominal aortic aneurysms to maintain end organ perfusion and reduce the risk of ischaemic complications. ,I,C,"Kouchoukos et al. (2019),453
Fehrenbacher et al. (2010)459",
47,,aneurysm,Distal aortic perfusion is recommended during open surgical repair for thoracic and thoraco-abdominal aortic aneurysms to maintain end organ perfusion and reduce the risk of ischaemic complications. ,2,1,descending_thoracic,"""==",TRUE,-,71,,,,I,C,"Kouchoukos et al. (2019),453
Fehrenbacher et al. (2010)459",,,Distal aortic perfusion is recommended during open surgical repair for thoracic and thoraco-abdominal aortic aneurysms to maintain end organ perfusion and reduce the risk of ischaemic complications. ,I,C,"Kouchoukos et al. (2019),453
Fehrenbacher et al. (2010)459",
47,,aneurysm,Distal aortic perfusion is recommended during open surgical repair for thoracic and thoraco-abdominal aortic aneurysms to maintain end organ perfusion and reduce the risk of ischaemic complications. ,2,2,repair_type,"""==",open,-,71,,,,I,C,"Kouchoukos et al. (2019),453
Fehrenbacher et al. (2010)459",,,Distal aortic perfusion is recommended during open surgical repair for thoracic and thoraco-abdominal aortic aneurysms to maintain end organ perfusion and reduce the risk of ischaemic complications. ,I,C,"Kouchoukos et al. (2019),453
Fehrenbacher et al. (2010)459",
47,,aneurysm,Distal aortic perfusion is recommended during open surgical repair for thoracic and thoraco-abdominal aortic aneurysms to maintain end organ perfusion and reduce the risk of ischaemic complications. ,2,2,abdominal_thoracic,"""==",TRUE,-,71,,,,I,C,"Kouchoukos et al. (2019),453
Fehrenbacher et al. (2010)459",,,Distal aortic perfusion is recommended during open surgical repair for thoracic and thoraco-abdominal aortic aneurysms to maintain end organ perfusion and reduce the risk of ischaemic complications. ,I,C,"Kouchoukos et al. (2019),453
Fehrenbacher et al. (2010)459",
48,,general,"Renal perfusion using cold crystalloid solutions, such as histidine—tryptophan—ketoglutarate (HTK) solution, should be considered during open surgical repair of thoracic and thoraco-abdominal aortic aneurysms to minimise ischaemia—reperfusion injury. ",2,1,repair_type,"""==",open,-,72,,,,IIa,B,"Tshomba et al. (2014),455
Kahlberg et al. (2023)456",,,"Renal perfusion using cold crystalloid solutions, such as histidine—tryptophan—ketoglutarate (HTK) solution, should be considered during open surgical repair of thoracic and thoraco-abdominal aortic aneurysms to minimise ischaemia—reperfusion injury. ",IIa,B,"Tshomba et al. (2014),455
Kahlberg et al. (2023)456",
49,,general,Viscoelastic testing  to assess real time clot formation and stability should be considered during open surgical repair of thoracic and thoraco-abdominal aortic aneurysms to guide haemostatic management.  ToE,2,1,repair_type,"""==",open,-,73,,,New,IIa,C,Monaco et al. (2019)464,Thromboelastography (TEG) or rotational thromboelastometr,New,Viscoelastic testing  to assess real time clot formation and stability should be considered during open surgical repair of thoracic and thoraco-abdominal aortic aneurysms to guide haemostatic management.  ToE,IIa,C,Monaco et al. (2019)464,Thromboelastography (TEG) or rotational thromboelastometr
50,,general,Intra-operative administration of intravenous heparin (50 — 100 IU/kg) is recommended during elective endovascular repair of descending thoracic and thoraco-abdominal aortic aneurysms to prevent thromboembolic complications. ,2,1,repair_timing,"""==",elective,-,74,,,New,I,C,Consensus,,New,Intra-operative administration of intravenous heparin (50 — 100 IU/kg) is recommended during elective endovascular repair of descending thoracic and thoraco-abdominal aortic aneurysms to prevent thromboembolic complications. ,I,C,Consensus,
50,,general,Intra-operative administration of intravenous heparin (50 — 100 IU/kg) is recommended during elective endovascular repair of descending thoracic and thoraco-abdominal aortic aneurysms to prevent thromboembolic complications. ,2,1,repair_type,"""==",endovascular,-,74,,,New,I,C,Consensus,,New,Intra-operative administration of intravenous heparin (50 — 100 IU/kg) is recommended during elective endovascular repair of descending thoracic and thoraco-abdominal aortic aneurysms to prevent thromboembolic complications. ,I,C,Consensus,
51,,aneurysm,"For patients without an increased bleeding risk, temporary dual antiplatelet therapy may be considered after endovascular thoraco-abdominal aortic aneurysm repair with fenestrated or branched endografts to reduce thrombotic complications and improve target vessel patency. ",2,1,bleeding_risk,"""==",FALSE,-,76,,,New,IIb,C,Consensus,,New,"For patients without an increased bleeding risk, temporary dual antiplatelet therapy may be considered after endovascular thoraco-abdominal aortic aneurysm repair with fenestrated or branched endografts to reduce thrombotic complications and improve target vessel patency. ",IIb,C,Consensus,
51,,aneurysm,"For patients without an increased bleeding risk, temporary dual antiplatelet therapy may be considered after endovascular thoraco-abdominal aortic aneurysm repair with fenestrated or branched endografts to reduce thrombotic complications and improve target vessel patency. ",2,1,abdominal_thoracic,"""==",TRUE,-,76,,,New,IIb,C,Consensus,,New,"For patients without an increased bleeding risk, temporary dual antiplatelet therapy may be considered after endovascular thoraco-abdominal aortic aneurysm repair with fenestrated or branched endografts to reduce thrombotic complications and improve target vessel patency. ",IIb,C,Consensus,
51,,aneurysm,"For patients without an increased bleeding risk, temporary dual antiplatelet therapy may be considered after endovascular thoraco-abdominal aortic aneurysm repair with fenestrated or branched endografts to reduce thrombotic complications and improve target vessel patency. ",2,1,repair_type,"""==",complex_endovascular,-,76,,,New,IIb,C,Consensus,,New,"For patients without an increased bleeding risk, temporary dual antiplatelet therapy may be considered after endovascular thoraco-abdominal aortic aneurysm repair with fenestrated or branched endografts to reduce thrombotic complications and improve target vessel patency. ",IIb,C,Consensus,
52,,general,Preservation of large accessory renal arteries (≥ 4 mm) or those that supply a significant portion of the kidney (≥ one third) should be considered during thoraco-abdominal aortic aneurysms repair to minimise the risk of post- operative renal dysfunction. ,2,1,accessory_renal_diameter,>=,4,mm,77,,,New,IIa,C,Consensus,,New,Preservation of large accessory renal arteries (≥ 4 mm) or those that supply a significant portion of the kidney (≥ one third) should be considered during thoraco-abdominal aortic aneurysms repair to minimise the risk of post- operative renal dysfunction. ,IIa,C,Consensus,
58,,follow_up,Haemothorax drainage may be considered after endovascular repair of a ruptured descending thoracic aorta once the patient is haemodynamically stable. ,2,1,post_op_phase,"""==",TRUE,-,86,,,New,IIb,C,Consensus,,New,Haemothorax drainage may be considered after endovascular repair of a ruptured descending thoracic aorta once the patient is haemodynamically stable. ,IIb,C,Consensus,
58,,follow_up,Haemothorax drainage may be considered after endovascular repair of a ruptured descending thoracic aorta once the patient is haemodynamically stable. ,2,1,haemodynamically_stable,"""==",TRUE,-,86,,,New,IIb,C,Consensus,,New,Haemothorax drainage may be considered after endovascular repair of a ruptured descending thoracic aorta once the patient is haemodynamically stable. ,IIb,C,Consensus,
59,,general,Video assisted thoracoscopic decompression of haemothorax should be considered for organised haematoma or inadequate percutaneous drainage cases after endovascular ruptured descending thoracic aorta repair. ,2,1,organized_haematoma,"""==",TRUE,-,87,,,New,IIa,C,Consensus,,New,Video assisted thoracoscopic decompression of haemothorax should be considered for organised haematoma or inadequate percutaneous drainage cases after endovascular ruptured descending thoracic aorta repair. ,IIa,C,Consensus,
59,,general,Video assisted thoracoscopic decompression of haemothorax should be considered for organised haematoma or inadequate percutaneous drainage cases after endovascular ruptured descending thoracic aorta repair. ,2,2,inadequate_percutaneous_drainage,"""==",TRUE,-,87,,,New,IIa,C,Consensus,,New,Video assisted thoracoscopic decompression of haemothorax should be considered for organised haematoma or inadequate percutaneous drainage cases after endovascular ruptured descending thoracic aorta repair. ,IIa,C,Consensus,
60,,trauma,"Non-operative management, with blood pressure control and follow up imaging to assess lesion stability, is recommended for ESVS grade 1 blunt thoracic aortic injury without concomitant traumatic brain injury. ",2,1,btai_grade,"""==",1,-,88,,,,I,C,"Jacob-Brassard et al. (2019),538
Soong et al. (2019),541
Yadavalli et al. (2023),542
Golestani et al. (2024),543
De Freitas et al. (2024)544",,,"Non-operative management, with blood pressure control and follow up imaging to assess lesion stability, is recommended for ESVS grade 1 blunt thoracic aortic injury without concomitant traumatic brain injury. ",I,C,"Jacob-Brassard et al. (2019),538
Soong et al. (2019),541
Yadavalli et al. (2023),542
Golestani et al. (2024),543
De Freitas et al. (2024)544",
60,,trauma,"Non-operative management, with blood pressure control and follow up imaging to assess lesion stability, is recommended for ESVS grade 1 blunt thoracic aortic injury without concomitant traumatic brain injury. ",2,1,traumatic_brain_injury,"""==",FALSE,-,88,,,,I,C,"Jacob-Brassard et al. (2019),538
Soong et al. (2019),541
Yadavalli et al. (2023),542
Golestani et al. (2024),543
De Freitas et al. (2024)544",,,"Non-operative management, with blood pressure control and follow up imaging to assess lesion stability, is recommended for ESVS grade 1 blunt thoracic aortic injury without concomitant traumatic brain injury. ",I,C,"Jacob-Brassard et al. (2019),538
Soong et al. (2019),541
Yadavalli et al. (2023),542
Golestani et al. (2024),543
De Freitas et al. (2024)544",
61,REPAIR,trauma,Thoracic endovascular aortic repair may be considered for ESVS grade 1 blunt thoracic aortic injury and presence of concomitant traumatic brain injury to permit higher cerebral perfusion pressures when strict blood pressure control is not feasible. ,2,1,btai_grade,"""==",1,-,89,,,New,IIb,C,Consensus,,New,Thoracic endovascular aortic repair may be considered for ESVS grade 1 blunt thoracic aortic injury and presence of concomitant traumatic brain injury to permit higher cerebral perfusion pressures when strict blood pressure control is not feasible. ,IIb,C,Consensus,
61,REPAIR,trauma,Thoracic endovascular aortic repair may be considered for ESVS grade 1 blunt thoracic aortic injury and presence of concomitant traumatic brain injury to permit higher cerebral perfusion pressures when strict blood pressure control is not feasible. ,2,1,traumatic_brain_injury,"""==",TRUE,-,89,,,New,IIb,C,Consensus,,New,Thoracic endovascular aortic repair may be considered for ESVS grade 1 blunt thoracic aortic injury and presence of concomitant traumatic brain injury to permit higher cerebral perfusion pressures when strict blood pressure control is not feasible. ,IIb,C,Consensus,
62,REPAIR,trauma,Delayed thoracic endovascular aortic repair (> 24 hours) should be considered for ESVS grade 2 blunt traumatic aortic injury without high risk features . ,2,1,btai_grade,"""==",2,-,90,,,,IIa,C,"Jacob-Brassard et al. (2019),538
Soong et al. (2019),541
Fox et al. (2015),548
Marcaccio et al. (2018),550
Romijn et al. (2023),551
Starnes et al. (2012),556
Yadavalli et al. (2024)558","Left haemothorax, large mediastinal haematomas, aorti",,Delayed thoracic endovascular aortic repair (> 24 hours) should be considered for ESVS grade 2 blunt traumatic aortic injury without high risk features . ,IIa,C,"Jacob-Brassard et al. (2019),538
Soong et al. (2019),541
Fox et al. (2015),548
Marcaccio et al. (2018),550
Romijn et al. (2023),551
Starnes et al. (2012),556
Yadavalli et al. (2024)558","Left haemothorax, large mediastinal haematomas, aorti"
62,REPAIR,trauma,Delayed thoracic endovascular aortic repair (> 24 hours) should be considered for ESVS grade 2 blunt traumatic aortic injury without high risk features . ,2,1,high_risk_features,"""==",FALSE,-,90,,,,IIa,C,"Jacob-Brassard et al. (2019),538
Soong et al. (2019),541
Fox et al. (2015),548
Marcaccio et al. (2018),550
Romijn et al. (2023),551
Starnes et al. (2012),556
Yadavalli et al. (2024)558","Left haemothorax, large mediastinal haematomas, aorti",,Delayed thoracic endovascular aortic repair (> 24 hours) should be considered for ESVS grade 2 blunt traumatic aortic injury without high risk features . ,IIa,C,"Jacob-Brassard et al. (2019),538
Soong et al. (2019),541
Fox et al. (2015),548
Marcaccio et al. (2018),550
Romijn et al. (2023),551
Starnes et al. (2012),556
Yadavalli et al. (2024)558","Left haemothorax, large mediastinal haematomas, aorti"
65,REPAIR,trauma,Thoracic endovascular aortic repair is recommended as the first line treatment for blunt thoracic aortic injury. ,2,1,btai_status,"""==",TRUE,-,93,,,,I,C,"Mill et al. (2025),533
Demetriades et al. (2008),559
Tang et al. (2008),560
van der Zee et al. (2019),563
Gennai et al. (2023),564
Takagi et al. (2008)574",,,Thoracic endovascular aortic repair is recommended as the first line treatment for blunt thoracic aortic injury. ,I,C,"Mill et al. (2025),533
Demetriades et al. (2008),559
Tang et al. (2008),560
van der Zee et al. (2019),563
Gennai et al. (2023),564
Takagi et al. (2008)574",
66,,trauma,Moderate stent graft oversizing should be considered in emergency endovascular repair of blunt thoracic aortic injury when pre-operative imaging was obtained during hypotension. ,2,1,btai_status,"""==",TRUE,-,95,,,,IIa,C,"Jonker et al. (2010),497
Garcia Reyes et al. (2018),569
Muhs et al. (2007)570",,,Moderate stent graft oversizing should be considered in emergency endovascular repair of blunt thoracic aortic injury when pre-operative imaging was obtained during hypotension. ,IIa,C,"Jonker et al. (2010),497
Garcia Reyes et al. (2018),569
Muhs et al. (2007)570",
66,,trauma,Moderate stent graft oversizing should be considered in emergency endovascular repair of blunt thoracic aortic injury when pre-operative imaging was obtained during hypotension. ,2,1,hypotension_during_imaging,"""==",TRUE,-,95,,,,IIa,C,"Jonker et al. (2010),497
Garcia Reyes et al. (2018),569
Muhs et al. (2007)570",,,Moderate stent graft oversizing should be considered in emergency endovascular repair of blunt thoracic aortic injury when pre-operative imaging was obtained during hypotension. ,IIa,C,"Jonker et al. (2010),497
Garcia Reyes et al. (2018),569
Muhs et al. (2007)570",
67,,trauma,"After endovascular stent graft repair of blunt thoracic aortic injury, follow up imaging is recommended at one month, one year, and annually thereafter for a minimum of five years, followed by continued imaging follow up every five to ten years for life. ",2,1,post_op_phase,"""==",TRUE,-,97,,,New,I,C,Consensus,,New,"After endovascular stent graft repair of blunt thoracic aortic injury, follow up imaging is recommended at one month, one year, and annually thereafter for a minimum of five years, followed by continued imaging follow up every five to ten years for life. ",I,C,Consensus,
67,,trauma,"After endovascular stent graft repair of blunt thoracic aortic injury, follow up imaging is recommended at one month, one year, and annually thereafter for a minimum of five years, followed by continued imaging follow up every five to ten years for life. ",2,1,btai_status,"""==",TRUE,-,97,,,New,I,C,Consensus,,New,"After endovascular stent graft repair of blunt thoracic aortic injury, follow up imaging is recommended at one month, one year, and annually thereafter for a minimum of five years, followed by continued imaging follow up every five to ten years for life. ",I,C,Consensus,
69,REPAIR,follow_up,"Type II endoleak after thoracic or thoraco-abdominal endovascular aortic repair may be considered for re-intervention in the presence of significant (≥ 1.0 cm) aneurysm sac growth, after ruling out type I and III endoleaks. ",2,1,post_op_phase,"""==",TRUE,-,101,,,New,IIb,C,Consensus,,New,"Type II endoleak after thoracic or thoraco-abdominal endovascular aortic repair may be considered for re-intervention in the presence of significant (≥ 1.0 cm) aneurysm sac growth, after ruling out type I and III endoleaks. ",IIb,C,Consensus,
69,REPAIR,follow_up,"Type II endoleak after thoracic or thoraco-abdominal endovascular aortic repair may be considered for re-intervention in the presence of significant (≥ 1.0 cm) aneurysm sac growth, after ruling out type I and III endoleaks. ",2,1,endoleak_type,"""==","""II""",-,101,,,New,IIb,C,Consensus,,New,"Type II endoleak after thoracic or thoraco-abdominal endovascular aortic repair may be considered for re-intervention in the presence of significant (≥ 1.0 cm) aneurysm sac growth, after ruling out type I and III endoleaks. ",IIb,C,Consensus,
69,REPAIR,follow_up,"Type II endoleak after thoracic or thoraco-abdominal endovascular aortic repair may be considered for re-intervention in the presence of significant (≥ 1.0 cm) aneurysm sac growth, after ruling out type I and III endoleaks. ",2,1,sac_growth,>=,1.0,cm,101,,,New,IIb,C,Consensus,,New,"Type II endoleak after thoracic or thoraco-abdominal endovascular aortic repair may be considered for re-intervention in the presence of significant (≥ 1.0 cm) aneurysm sac growth, after ruling out type I and III endoleaks. ",IIb,C,Consensus,
70,,genetic,"Genetic counselling and testing are recommended in patients with thoracic aortic disease < 60 years of age, a family history of thoracic aortic disease, concomitant arterial aneurysms or dissections, or syndromic features. ",2,1,age,<,60,years,103,,,New,I,C,Consensus,,New,"Genetic counselling and testing are recommended in patients with thoracic aortic disease < 60 years of age, a family history of thoracic aortic disease, concomitant arterial aneurysms or dissections, or syndromic features. ",I,C,Consensus,
70,,genetic,"Genetic counselling and testing are recommended in patients with thoracic aortic disease < 60 years of age, a family history of thoracic aortic disease, concomitant arterial aneurysms or dissections, or syndromic features. ",2,2,family_history_aortopathy,"""==",TRUE,-,103,,,New,I,C,Consensus,,New,"Genetic counselling and testing are recommended in patients with thoracic aortic disease < 60 years of age, a family history of thoracic aortic disease, concomitant arterial aneurysms or dissections, or syndromic features. ",I,C,Consensus,
70,,genetic,"Genetic counselling and testing are recommended in patients with thoracic aortic disease < 60 years of age, a family history of thoracic aortic disease, concomitant arterial aneurysms or dissections, or syndromic features. ",2,3,syndromic_features,"""==",TRUE,-,103,,,New,I,C,Consensus,,New,"Genetic counselling and testing are recommended in patients with thoracic aortic disease < 60 years of age, a family history of thoracic aortic disease, concomitant arterial aneurysms or dissections, or syndromic features. ",I,C,Consensus,
71,REPAIR,genetic,Marfan syndrome patients with an aortic diameter ≥ 5.0 cm should be considered for descending thoracic aortic aneurysm repair. ,2,1,marfan,"""==",TRUE,-,106,,,Changed,IIa,C,Consensus,,Changed,Marfan syndrome patients with an aortic diameter ≥ 5.0 cm should be considered for descending thoracic aortic aneurysm repair. ,IIa,C,Consensus,
71,REPAIR,genetic,Marfan syndrome patients with an aortic diameter ≥ 5.0 cm should be considered for descending thoracic aortic aneurysm repair. ,2,1,aortic_diameter,>=,5.0,cm,106,,,Changed,IIa,C,Consensus,,Changed,Marfan syndrome patients with an aortic diameter ≥ 5.0 cm should be considered for descending thoracic aortic aneurysm repair. ,IIa,C,Consensus,
72,REPAIR,genetic,"Patients with Loeys—Dietz syndrome and an aortic diameter > 4.5 — 5.0 cm should be considered for descending thoracic aortic aneurysm repair, taking into consideration diameter progression rate, age, family history, and pathogenic variants. ",2,1,loeys_dietz,"""==",TRUE,-,107,,,Changed,IIa,C,Consensus,,Changed,"Patients with Loeys—Dietz syndrome and an aortic diameter > 4.5 — 5.0 cm should be considered for descending thoracic aortic aneurysm repair, taking into consideration diameter progression rate, age, family history, and pathogenic variants. ",IIa,C,Consensus,
72,REPAIR,genetic,"Patients with Loeys—Dietz syndrome and an aortic diameter > 4.5 — 5.0 cm should be considered for descending thoracic aortic aneurysm repair, taking into consideration diameter progression rate, age, family history, and pathogenic variants. ",2,1,aortic_diameter,>=,4.5,cm,107,,,Changed,IIa,C,Consensus,,Changed,"Patients with Loeys—Dietz syndrome and an aortic diameter > 4.5 — 5.0 cm should be considered for descending thoracic aortic aneurysm repair, taking into consideration diameter progression rate, age, family history, and pathogenic variants. ",IIa,C,Consensus,
74,,general,Escalation of antithrombotic therapy is not indicated for asymptomatic mural thrombus in the descending thoracic aorta. ,2,1,mural_thrombus_status,"""==",asymptomatic,-,111,,,New,IIIa,C,Consensus,,New,Escalation of antithrombotic therapy is not indicated for asymptomatic mural thrombus in the descending thoracic aorta. ,IIIa,C,Consensus,
75,,general,Antithrombotic therapy should be considered for symptomatic thrombus or asymptomatic “floating” thrombus in the descending aorta. ,2,1,mural_thrombus_status,"""==",symptomatic,-,112,,,New,IIa,C,Consensus,,New,Antithrombotic therapy should be considered for symptomatic thrombus or asymptomatic “floating” thrombus in the descending aorta. ,IIa,C,Consensus,
75,,general,Antithrombotic therapy should be considered for symptomatic thrombus or asymptomatic “floating” thrombus in the descending aorta. ,2,2,floating_thrombus,"""==",TRUE,-,112,,,New,IIa,C,Consensus,,New,Antithrombotic therapy should be considered for symptomatic thrombus or asymptomatic “floating” thrombus in the descending aorta. ,IIa,C,Consensus,
76,,infection,High dose glucocorticoids combined with a disease modifying antirheumatic drug are recommended as first line treatment for active inflammation of the aorta and or its branches. ,2,1,active_aortitis,"""==",TRUE,-,115,,,Changed,I,C,Consensus,,Changed,High dose glucocorticoids combined with a disease modifying antirheumatic drug are recommended as first line treatment for active inflammation of the aorta and or its branches. ,I,C,Consensus,
77,REPAIR,infection,Elective endovascular repair should be considered as the first line surgical approach for patients with inflammatory arteritis of the thoraco-abdominal aorta. ,2,1,active_aortitis,"""==",TRUE,-,117,,,New,IIa,C,Consensus,,New,Elective endovascular repair should be considered as the first line surgical approach for patients with inflammatory arteritis of the thoraco-abdominal aorta. ,IIa,C,Consensus,
77,REPAIR,infection,Elective endovascular repair should be considered as the first line surgical approach for patients with inflammatory arteritis of the thoraco-abdominal aorta. ,2,1,repair_timing,"""==",elective,-,117,,,New,IIa,C,Consensus,,New,Elective endovascular repair should be considered as the first line surgical approach for patients with inflammatory arteritis of the thoraco-abdominal aorta. ,IIa,C,Consensus,
79,REPAIR,congenital,Surgical or endovascular treatment of aortic coarctation is recommended in adults with upper limb hypertension or left ventricular hypertrophy when a systolic pressure gradient  ≥ 20 mmHg is present. ,2,1,aortic_coarctation,"""==",TRUE,-,123,,,Changed,I,C,Consensus,"Cuff blood pressure difference between upper and lower limbs, o",Changed,Surgical or endovascular treatment of aortic coarctation is recommended in adults with upper limb hypertension or left ventricular hypertrophy when a systolic pressure gradient  ≥ 20 mmHg is present. ,I,C,Consensus,"Cuff blood pressure difference between upper and lower limbs, o"
79,REPAIR,congenital,Surgical or endovascular treatment of aortic coarctation is recommended in adults with upper limb hypertension or left ventricular hypertrophy when a systolic pressure gradient  ≥ 20 mmHg is present. ,2,1,systolic_pressure_gradient,>=,20,mmHg,123,,,Changed,I,C,Consensus,"Cuff blood pressure difference between upper and lower limbs, o",Changed,Surgical or endovascular treatment of aortic coarctation is recommended in adults with upper limb hypertension or left ventricular hypertrophy when a systolic pressure gradient  ≥ 20 mmHg is present. ,I,C,Consensus,"Cuff blood pressure difference between upper and lower limbs, o"
79,REPAIR,congenital,Surgical or endovascular treatment of aortic coarctation is recommended in adults with upper limb hypertension or left ventricular hypertrophy when a systolic pressure gradient  ≥ 20 mmHg is present. ,2,1,upper_limb_hypertension,"""==",TRUE,-,123,,,Changed,I,C,Consensus,"Cuff blood pressure difference between upper and lower limbs, o",Changed,Surgical or endovascular treatment of aortic coarctation is recommended in adults with upper limb hypertension or left ventricular hypertrophy when a systolic pressure gradient  ≥ 20 mmHg is present. ,I,C,Consensus,"Cuff blood pressure difference between upper and lower limbs, o"
79,REPAIR,congenital,Surgical or endovascular treatment of aortic coarctation is recommended in adults with upper limb hypertension or left ventricular hypertrophy when a systolic pressure gradient  ≥ 20 mmHg is present. ,2,2,aortic_coarctation,"""==",TRUE,-,123,,,Changed,I,C,Consensus,"Cuff blood pressure difference between upper and lower limbs, o",Changed,Surgical or endovascular treatment of aortic coarctation is recommended in adults with upper limb hypertension or left ventricular hypertrophy when a systolic pressure gradient  ≥ 20 mmHg is present. ,I,C,Consensus,"Cuff blood pressure difference between upper and lower limbs, o"
79,REPAIR,congenital,Surgical or endovascular treatment of aortic coarctation is recommended in adults with upper limb hypertension or left ventricular hypertrophy when a systolic pressure gradient  ≥ 20 mmHg is present. ,2,2,systolic_pressure_gradient,>=,20,mmHg,123,,,Changed,I,C,Consensus,"Cuff blood pressure difference between upper and lower limbs, o",Changed,Surgical or endovascular treatment of aortic coarctation is recommended in adults with upper limb hypertension or left ventricular hypertrophy when a systolic pressure gradient  ≥ 20 mmHg is present. ,I,C,Consensus,"Cuff blood pressure difference between upper and lower limbs, o"
79,REPAIR,congenital,Surgical or endovascular treatment of aortic coarctation is recommended in adults with upper limb hypertension or left ventricular hypertrophy when a systolic pressure gradient  ≥ 20 mmHg is present. ,2,2,left_ventricular_hypertrophy,"""==",TRUE,-,123,,,Changed,I,C,Consensus,"Cuff blood pressure difference between upper and lower limbs, o",Changed,Surgical or endovascular treatment of aortic coarctation is recommended in adults with upper limb hypertension or left ventricular hypertrophy when a systolic pressure gradient  ≥ 20 mmHg is present. ,I,C,Consensus,"Cuff blood pressure difference between upper and lower limbs, o"
80,REPAIR,congenital,"Surgical treatment should be considered in patients with an aberrant subclavian artery and or Kommerell’s diverticulum who present with symptoms attributable to compression of adjacent structures, such as the oesophagus or trachea. ",2,1,aberrant_subclavian_artery,"""==",TRUE,-,127,,,New,IIa,C,Consensus,,New,"Surgical treatment should be considered in patients with an aberrant subclavian artery and or Kommerell’s diverticulum who present with symptoms attributable to compression of adjacent structures, such as the oesophagus or trachea. ",IIa,C,Consensus,
80,REPAIR,congenital,"Surgical treatment should be considered in patients with an aberrant subclavian artery and or Kommerell’s diverticulum who present with symptoms attributable to compression of adjacent structures, such as the oesophagus or trachea. ",2,1,compression_symptoms,"""==",TRUE,-,127,,,New,IIa,C,Consensus,,New,"Surgical treatment should be considered in patients with an aberrant subclavian artery and or Kommerell’s diverticulum who present with symptoms attributable to compression of adjacent structures, such as the oesophagus or trachea. ",IIa,C,Consensus,
81,REPAIR,congenital,Surgical treatment for asymptomatic aberrant subclavian artery and or Kommerell’s diverticulum may be considered when the transverse vessel diameter  is ≥ 3.0 cm or when the combined distance between the edges of the diverticulum and the adjacent aorta  is ≥ 5.5 cm. ,2,1,aberrant_subclavian_artery,"""==",TRUE,-,128,,,New,IIb,C,Consensus,See Figure 17.,New,Surgical treatment for asymptomatic aberrant subclavian artery and or Kommerell’s diverticulum may be considered when the transverse vessel diameter  is ≥ 3.0 cm or when the combined distance between the edges of the diverticulum and the adjacent aorta  is ≥ 5.5 cm. ,IIb,C,Consensus,See Figure 17.
81,REPAIR,congenital,Surgical treatment for asymptomatic aberrant subclavian artery and or Kommerell’s diverticulum may be considered when the transverse vessel diameter  is ≥ 3.0 cm or when the combined distance between the edges of the diverticulum and the adjacent aorta  is ≥ 5.5 cm. ,2,1,transverse_vessel_diameter,>=,3.0,cm,128,,,New,IIb,C,Consensus,See Figure 17.,New,Surgical treatment for asymptomatic aberrant subclavian artery and or Kommerell’s diverticulum may be considered when the transverse vessel diameter  is ≥ 3.0 cm or when the combined distance between the edges of the diverticulum and the adjacent aorta  is ≥ 5.5 cm. ,IIb,C,Consensus,See Figure 17.
81,REPAIR,congenital,Surgical treatment for asymptomatic aberrant subclavian artery and or Kommerell’s diverticulum may be considered when the transverse vessel diameter  is ≥ 3.0 cm or when the combined distance between the edges of the diverticulum and the adjacent aorta  is ≥ 5.5 cm. ,2,2,kommerell_diverticulum,"""==",TRUE,-,128,,,New,IIb,C,Consensus,See Figure 17.,New,Surgical treatment for asymptomatic aberrant subclavian artery and or Kommerell’s diverticulum may be considered when the transverse vessel diameter  is ≥ 3.0 cm or when the combined distance between the edges of the diverticulum and the adjacent aorta  is ≥ 5.5 cm. ,IIb,C,Consensus,See Figure 17.
81,REPAIR,congenital,Surgical treatment for asymptomatic aberrant subclavian artery and or Kommerell’s diverticulum may be considered when the transverse vessel diameter  is ≥ 3.0 cm or when the combined distance between the edges of the diverticulum and the adjacent aorta  is ≥ 5.5 cm. ,2,2,diverticulum_aorta_distance,>=,5.5,cm,128,,,New,IIb,C,Consensus,See Figure 17.,New,Surgical treatment for asymptomatic aberrant subclavian artery and or Kommerell’s diverticulum may be considered when the transverse vessel diameter  is ≥ 3.0 cm or when the combined distance between the edges of the diverticulum and the adjacent aorta  is ≥ 5.5 cm. ,IIb,C,Consensus,See Figure 17.